#node1	node2	node1_string_id	node2_string_id	neighborhood_on_chromosome	gene_fusion	phylogenetic_cooccurrence	homology	coexpression	experimentally_determined_interaction	database_annotated	automated_textmining	combined_score
BCL10	TAB1	9606.ENSP00000359612	9606.ENSP00000216160	0	0	0	0	0	0	0.900	0	0.900
BCL10	NFKBIA	9606.ENSP00000359612	9606.ENSP00000216797	0	0	0	0	0	0.336	0.900	0	0.930
BCL10	NFKB1	9606.ENSP00000359612	9606.ENSP00000226574	0	0	0	0	0	0.064	0.900	0	0.902
BCL10	TRAF2	9606.ENSP00000359612	9606.ENSP00000247668	0	0	0	0	0	0.436	0	0	0.436
BCL10	PRKCQ	9606.ENSP00000359612	9606.ENSP00000263125	0	0	0	0	0	0.860	0.900	0	0.985
BCL10	BIRC3	9606.ENSP00000359612	9606.ENSP00000263464	0	0	0	0	0	0.436	0	0	0.436
BCL10	PRKCB	9606.ENSP00000359612	9606.ENSP00000305355	0	0	0	0	0	0	0.900	0	0.900
BCL10	MALT1	9606.ENSP00000359612	9606.ENSP00000319279	0	0	0	0	0	0.472	0.900	0	0.944
BCL10	TAB2	9606.ENSP00000359612	9606.ENSP00000356426	0	0	0	0	0	0	0.900	0	0.900
BCL10	MAP3K7	9606.ENSP00000359612	9606.ENSP00000358335	0	0	0	0	0	0.468	0.900	0	0.944
BCL10	IRAK1	9606.ENSP00000359612	9606.ENSP00000358997	0	0	0	0	0	0.468	0	0	0.468
BCL10	CHUK	9606.ENSP00000359612	9606.ENSP00000359424	0	0	0	0	0	0.355	0.900	0	0.932
BCL10	BIRC2	9606.ENSP00000359612	9606.ENSP00000477613	0	0	0	0	0	0.436	0	0	0.436
BCL10	TLR4	9606.ENSP00000359612	9606.ENSP00000363089	0	0	0	0	0	0.468	0	0	0.468
BCL10	TAB3	9606.ENSP00000359612	9606.ENSP00000368215	0	0	0	0	0	0	0.900	0	0.900
BCL10	CARD14	9606.ENSP00000359612	9606.ENSP00000458715	0	0	0	0	0	0.472	0	0	0.472
BCL10	RELA	9606.ENSP00000359612	9606.ENSP00000384273	0	0	0	0	0	0.294	0.900	0	0.926
BCL10	CARD10	9606.ENSP00000359612	9606.ENSP00000384570	0	0	0	0	0	0.472	0.900	0	0.945
BCL10	IKBKB	9606.ENSP00000359612	9606.ENSP00000430684	0	0	0	0	0	0.391	0.900	0	0.936
BCL10	IKBKG	9606.ENSP00000359612	9606.ENSP00000483825	0	0	0	0	0	0.866	0.900	0	0.986
BCL10	CARD11	9606.ENSP00000359612	9606.ENSP00000380150	0	0	0	0	0	0.576	0.900	0	0.955
BCL2	BCL2A1	9606.ENSP00000381185	9606.ENSP00000267953	0	0	0	0.701	0	0	0.900	0	0.900
BCL2	BCL2L1	9606.ENSP00000381185	9606.ENSP00000302564	0	0	0	0.898	0	0.912	0.900	0	0.990
BCL2	IKBKG	9606.ENSP00000381185	9606.ENSP00000483825	0	0	0	0	0	0.860	0	0	0.860
BCL2A1	NFKB1	9606.ENSP00000267953	9606.ENSP00000226574	0	0	0	0	0	0.185	0.900	0	0.915
BCL2A1	BCL2L1	9606.ENSP00000267953	9606.ENSP00000302564	0	0	0	0.651	0	0	0.900	0	0.900
BCL2A1	RELA	9606.ENSP00000267953	9606.ENSP00000384273	0	0	0	0	0	0	0.900	0	0.900
BIRC2	TNFRSF1A	9606.ENSP00000477613	9606.ENSP00000162749	0	0	0	0	0	0.412	0.900	0	0.938
BIRC2	TAB1	9606.ENSP00000477613	9606.ENSP00000216160	0	0	0	0	0	0.109	0.900	0	0.907
BIRC2	TRAF2	9606.ENSP00000477613	9606.ENSP00000247668	0	0	0	0	0	0.880	0.900	0	0.987
BIRC2	TICAM1	9606.ENSP00000477613	9606.ENSP00000248244	0	0	0	0	0	0	0.900	0	0.900
BIRC2	RIPK1	9606.ENSP00000477613	9606.ENSP00000259808	0	0	0	0	0	0.466	0.900	0	0.944
BIRC2	TRAF5	9606.ENSP00000477613	9606.ENSP00000261464	0	0	0	0	0	0.110	0.800	0	0.814
BIRC2	BIRC3	9606.ENSP00000477613	9606.ENSP00000263464	0	0	0	0.976	0	0.313	0.900	0	0.928
BIRC2	LY96	9606.ENSP00000477613	9606.ENSP00000284818	0	0	0	0	0	0	0.900	0	0.900
BIRC2	TNFRSF13C	9606.ENSP00000477613	9606.ENSP00000291232	0	0	0	0	0	0	0.900	0	0.900
BIRC2	CD14	9606.ENSP00000477613	9606.ENSP00000304236	0	0	0	0	0	0	0.900	0	0.900
BIRC2	TRADD	9606.ENSP00000477613	9606.ENSP00000341268	0	0	0	0	0	0.336	0.900	0	0.930
BIRC2	TAB2	9606.ENSP00000477613	9606.ENSP00000356426	0	0	0	0	0	0.051	0.900	0	0.901
BIRC2	MAP3K7	9606.ENSP00000477613	9606.ENSP00000358335	0	0	0	0	0	0.742	0.900	0	0.973
BIRC2	CHUK	9606.ENSP00000477613	9606.ENSP00000359424	0	0	0	0	0	0.108	0.900	0	0.906
BIRC2	CD40LG	9606.ENSP00000477613	9606.ENSP00000359663	0	0	0	0	0	0.305	0.900	0	0.927
BIRC2	CD40	9606.ENSP00000477613	9606.ENSP00000361359	0	0	0	0	0	0.703	0.900	0	0.969
BIRC2	TRAF1	9606.ENSP00000477613	9606.ENSP00000362994	0	0	0	0	0	0.677	0.900	0	0.966
BIRC2	TLR4	9606.ENSP00000477613	9606.ENSP00000363089	0	0	0	0	0	0.742	0.900	0	0.973
BIRC2	TNFSF13B	9606.ENSP00000477613	9606.ENSP00000365048	0	0	0	0	0	0	0.900	0	0.900
BIRC2	TAB3	9606.ENSP00000477613	9606.ENSP00000368215	0	0	0	0	0	0	0.900	0	0.900
BIRC2	TNFSF11	9606.ENSP00000477613	9606.ENSP00000381775	0	0	0	0	0	0	0.900	0	0.900
BIRC2	RELA	9606.ENSP00000477613	9606.ENSP00000384273	0	0	0	0	0	0.336	0.900	0	0.930
BIRC2	CYLD	9606.ENSP00000477613	9606.ENSP00000392025	0	0	0	0	0	0	0.900	0	0.900
BIRC2	TNF	9606.ENSP00000477613	9606.ENSP00000398698	0	0	0	0	0	0.860	0.900	0	0.985
BIRC2	MYD88	9606.ENSP00000477613	9606.ENSP00000401399	0	0	0	0	0	0.742	0	0	0.742
BIRC2	LTA	9606.ENSP00000477613	9606.ENSP00000403495	0	0	0	0	0	0.294	0.900	0	0.926
BIRC2	LTB	9606.ENSP00000477613	9606.ENSP00000410481	0	0	0	0	0	0	0.900	0	0.900
BIRC2	TICAM2	9606.ENSP00000477613	9606.ENSP00000415139	0	0	0	0	0	0	0.900	0	0.900
BIRC2	IKBKB	9606.ENSP00000477613	9606.ENSP00000430684	0	0	0	0	0	0.108	0.900	0	0.906
BIRC2	TRAF3	9606.ENSP00000477613	9606.ENSP00000454207	0	0	0	0	0	0.706	0.900	0	0.969
BIRC2	TNFRSF11A	9606.ENSP00000477613	9606.ENSP00000465500	0	0	0	0	0	0	0.900	0	0.900
BIRC2	TNFSF14	9606.ENSP00000477613	9606.ENSP00000469049	0	0	0	0	0	0.328	0.900	0	0.929
BIRC2	TNFAIP3	9606.ENSP00000477613	9606.ENSP00000481570	0	0	0	0	0	0.294	0.900	0	0.926
BIRC2	MAP3K14	9606.ENSP00000477613	9606.ENSP00000482657	0	0	0	0	0	0.454	0.900	0	0.943
BIRC2	IKBKG	9606.ENSP00000477613	9606.ENSP00000483825	0	0	0	0	0	0.379	0.900	0	0.935
BIRC3	TNFRSF1A	9606.ENSP00000263464	9606.ENSP00000162749	0	0	0	0	0	0.412	0.900	0	0.938
BIRC3	TAB1	9606.ENSP00000263464	9606.ENSP00000216160	0	0	0	0	0	0.410	0.900	0	0.938
BIRC3	NFKB1	9606.ENSP00000263464	9606.ENSP00000226574	0	0	0	0	0	0.693	0	0	0.693
BIRC3	TRAF2	9606.ENSP00000263464	9606.ENSP00000247668	0	0	0	0	0	0.974	0.900	0	0.997
BIRC3	TICAM1	9606.ENSP00000263464	9606.ENSP00000248244	0	0	0	0	0	0	0.900	0	0.900
BIRC3	RIPK1	9606.ENSP00000263464	9606.ENSP00000259808	0	0	0	0	0	0.429	0.900	0	0.940
BIRC3	TRAF5	9606.ENSP00000263464	9606.ENSP00000261464	0	0	0	0	0	0.110	0.800	0	0.814
BIRC3	MYD88	9606.ENSP00000263464	9606.ENSP00000401399	0	0	0	0	0	0.809	0	0	0.809
BIRC3	TICAM2	9606.ENSP00000263464	9606.ENSP00000415139	0	0	0	0	0	0	0.900	0	0.900
BIRC3	CD14	9606.ENSP00000263464	9606.ENSP00000304236	0	0	0	0	0	0	0.900	0	0.900
BIRC3	TNFRSF11A	9606.ENSP00000263464	9606.ENSP00000465500	0	0	0	0	0	0	0.900	0	0.900
BIRC3	LY96	9606.ENSP00000263464	9606.ENSP00000284818	0	0	0	0	0	0	0.900	0	0.900
BIRC3	TNFSF14	9606.ENSP00000263464	9606.ENSP00000469049	0	0	0	0	0	0	0.900	0	0.900
BIRC3	LTA	9606.ENSP00000263464	9606.ENSP00000403495	0	0	0	0	0	0	0.900	0	0.900
BIRC3	LTB	9606.ENSP00000263464	9606.ENSP00000410481	0	0	0	0	0	0	0.900	0	0.900
BIRC3	TNFSF11	9606.ENSP00000263464	9606.ENSP00000381775	0	0	0	0	0	0	0.900	0	0.900
BIRC3	TNFRSF13C	9606.ENSP00000263464	9606.ENSP00000291232	0	0	0	0	0	0	0.900	0	0.900
BIRC3	PIDD1	9606.ENSP00000263464	9606.ENSP00000337797	0	0	0	0	0	0.128	0.900	0	0.909
BIRC3	TAB3	9606.ENSP00000263464	9606.ENSP00000368215	0	0	0	0	0	0	0.900	0	0.900
BIRC3	TNFSF13B	9606.ENSP00000263464	9606.ENSP00000365048	0	0	0	0	0	0	0.900	0	0.900
BIRC3	CHUK	9606.ENSP00000263464	9606.ENSP00000359424	0	0	0	0	0	0.108	0.900	0	0.906
BIRC3	CD40LG	9606.ENSP00000263464	9606.ENSP00000359663	0	0	0	0	0	0.305	0.900	0	0.927
BIRC3	CYLD	9606.ENSP00000263464	9606.ENSP00000392025	0	0	0	0	0	0	0.900	0	0.900
BIRC3	TAB2	9606.ENSP00000263464	9606.ENSP00000356426	0	0	0	0	0	0.051	0.900	0	0.901
BIRC3	TRADD	9606.ENSP00000263464	9606.ENSP00000341268	0	0	0	0	0	0	0.900	0	0.900
BIRC3	MAP3K14	9606.ENSP00000263464	9606.ENSP00000482657	0	0	0	0	0	0.454	0.900	0	0.943
BIRC3	TNFAIP3	9606.ENSP00000263464	9606.ENSP00000481570	0	0	0	0	0	0.294	0.900	0	0.926
BIRC3	IKBKG	9606.ENSP00000263464	9606.ENSP00000483825	0	0	0	0	0	0.365	0.900	0	0.933
BIRC3	RELA	9606.ENSP00000263464	9606.ENSP00000384273	0	0	0	0	0	0.379	0.900	0	0.935
BIRC3	TNF	9606.ENSP00000263464	9606.ENSP00000398698	0	0	0	0	0	0.328	0.900	0	0.929
BIRC3	IKBKB	9606.ENSP00000263464	9606.ENSP00000430684	0	0	0	0	0	0.706	0.900	0	0.969
BIRC3	TLR4	9606.ENSP00000263464	9606.ENSP00000363089	0	0	0	0	0	0.809	0.900	0	0.980
BIRC3	MAP3K7	9606.ENSP00000263464	9606.ENSP00000358335	0	0	0	0	0	0.809	0.900	0	0.980
BIRC3	CD40	9606.ENSP00000263464	9606.ENSP00000361359	0	0	0	0	0	0.811	0.900	0	0.980
BIRC3	TRAF1	9606.ENSP00000263464	9606.ENSP00000362994	0	0	0	0	0	0.729	0.900	0	0.971
BIRC3	TRAF3	9606.ENSP00000263464	9606.ENSP00000454207	0	0	0	0	0	0.829	0.900	0	0.982
BLNK	LCK	9606.ENSP00000224337	9606.ENSP00000337825	0	0	0	0	0	0.078	0.900	0	0.903
BLNK	LAT	9606.ENSP00000224337	9606.ENSP00000378845	0	0	0	0	0	0	0.900	0	0.900
BLNK	ZAP70	9606.ENSP00000224337	9606.ENSP00000264972	0	0	0	0	0	0.131	0.900	0	0.909
BLNK	PLCG1	9606.ENSP00000224337	9606.ENSP00000244007	0	0	0	0	0	0.465	0.900	0	0.944
BLNK	LYN	9606.ENSP00000224337	9606.ENSP00000428924	0	0	0	0	0	0.227	0.900	0	0.919
BLNK	PLCG2	9606.ENSP00000224337	9606.ENSP00000482457	0	0	0	0	0	0.472	0.900	0	0.944
BLNK	BTK	9606.ENSP00000224337	9606.ENSP00000483570	0	0	0	0	0	0.472	0.900	0	0.944
BLNK	SYK	9606.ENSP00000224337	9606.ENSP00000364907	0	0	0	0	0	0.446	0.900	0	0.942
BTK	PLCG1	9606.ENSP00000483570	9606.ENSP00000244007	0	0	0	0.546	0	0.472	0.900	0	0.944
BTK	TRAF2	9606.ENSP00000483570	9606.ENSP00000247668	0	0	0	0	0	0.102	0.800	0	0.812
BTK	ZAP70	9606.ENSP00000483570	9606.ENSP00000264972	0	0	0	0.688	0	0.064	0.900	0	0.902
BTK	LCK	9606.ENSP00000483570	9606.ENSP00000337825	0	0	0	0.868	0	0	0.900	0	0.900
BTK	CHUK	9606.ENSP00000483570	9606.ENSP00000359424	0	0	0	0.548	0	0	0.800	0	0.800
BTK	SYK	9606.ENSP00000483570	9606.ENSP00000364907	0	0	0	0.656	0	0.321	0.900	0	0.929
BTK	LAT	9606.ENSP00000483570	9606.ENSP00000378845	0	0	0	0	0	0.100	0.900	0	0.906
BTK	MYD88	9606.ENSP00000483570	9606.ENSP00000401399	0	0	0	0	0	0.421	0	0	0.421
BTK	LYN	9606.ENSP00000483570	9606.ENSP00000428924	0	0	0	0.862	0	0.379	0.900	0	0.935
BTK	IKBKB	9606.ENSP00000483570	9606.ENSP00000430684	0	0	0	0.550	0	0	0.800	0	0.800
BTK	TRAF3	9606.ENSP00000483570	9606.ENSP00000454207	0	0	0	0	0	0.102	0.800	0	0.812
BTK	PLCG2	9606.ENSP00000483570	9606.ENSP00000482457	0	0	0	0	0	0.472	0.900	0	0.944
BTK	IKBKG	9606.ENSP00000483570	9606.ENSP00000483825	0	0	0	0	0	0.129	0.800	0	0.818
CARD10	PRKCQ	9606.ENSP00000384570	9606.ENSP00000263125	0	0	0	0	0	0	0.800	0	0.800
CARD10	PRKCB	9606.ENSP00000384570	9606.ENSP00000305355	0	0	0	0	0	0.185	0.800	0	0.830
CARD10	MALT1	9606.ENSP00000384570	9606.ENSP00000319279	0	0	0	0	0	0.299	0.900	0	0.926
CARD10	CARD11	9606.ENSP00000384570	9606.ENSP00000380150	0	0	0	0.838	0	0	0.900	0	0.900
CARD10	CARD14	9606.ENSP00000384570	9606.ENSP00000458715	0	0	0	0.665	0	0	0.800	0	0.800
CARD11	TAB1	9606.ENSP00000380150	9606.ENSP00000216160	0	0	0	0	0	0.048	0.900	0	0.900
CARD11	NFKBIA	9606.ENSP00000380150	9606.ENSP00000216797	0	0	0	0	0	0.073	0.900	0	0.903
CARD11	NFKB1	9606.ENSP00000380150	9606.ENSP00000226574	0	0	0	0	0	0.073	0.900	0	0.903
CARD11	PRKCQ	9606.ENSP00000380150	9606.ENSP00000263125	0	0	0	0	0	0.379	0.900	0	0.935
CARD11	ZAP70	9606.ENSP00000380150	9606.ENSP00000264972	0	0	0	0	0	0.438	0	0	0.438
CARD11	PRKCB	9606.ENSP00000380150	9606.ENSP00000305355	0	0	0	0	0	0.456	0.900	0	0.943
CARD11	MALT1	9606.ENSP00000380150	9606.ENSP00000319279	0	0	0	0	0	0.485	0.900	0	0.946
CARD11	TAB2	9606.ENSP00000380150	9606.ENSP00000356426	0	0	0	0	0	0	0.900	0	0.900
CARD11	MAP3K7	9606.ENSP00000380150	9606.ENSP00000358335	0	0	0	0	0	0.472	0.900	0	0.944
CARD11	CHUK	9606.ENSP00000380150	9606.ENSP00000359424	0	0	0	0	0	0.470	0.900	0	0.944
CARD11	TAB3	9606.ENSP00000380150	9606.ENSP00000368215	0	0	0	0	0	0.313	0.900	0	0.928
CARD11	CARD14	9606.ENSP00000380150	9606.ENSP00000458715	0	0	0	0.769	0	0	0.800	0	0.800
CARD11	RELA	9606.ENSP00000380150	9606.ENSP00000384273	0	0	0	0	0	0	0.900	0	0.900
CARD11	IKBKB	9606.ENSP00000380150	9606.ENSP00000430684	0	0	0	0	0	0.332	0.900	0	0.930
CARD11	IKBKG	9606.ENSP00000380150	9606.ENSP00000483825	0	0	0	0	0	0.860	0.900	0	0.985
CARD14	PRKCQ	9606.ENSP00000458715	9606.ENSP00000263125	0	0	0	0	0	0	0.800	0	0.800
CARD14	PRKCB	9606.ENSP00000458715	9606.ENSP00000305355	0	0	0	0	0	0.185	0.800	0	0.830
CARD14	MALT1	9606.ENSP00000458715	9606.ENSP00000319279	0	0	0	0	0	0.472	0	0	0.472
CCL13	CCL4L1	9606.ENSP00000225844	9606.ENSP00000483609	0	0	0	0.906	0	0	0.900	0	0.900
CCL13	CCL4	9606.ENSP00000225844	9606.ENSP00000482259	0	0	0	0.902	0	0	0.900	0	0.900
CCL13	CXCL2	9606.ENSP00000225844	9606.ENSP00000427279	0	0	0	0	0	0	0.900	0	0.900
CCL13	CXCL3	9606.ENSP00000225844	9606.ENSP00000296026	0	0	0	0	0	0	0.900	0	0.900
CCL13	CXCL1	9606.ENSP00000225844	9606.ENSP00000379110	0	0	0	0	0	0	0.900	0	0.900
CCL13	CXCL8	9606.ENSP00000225844	9606.ENSP00000306512	0	0	0	0	0	0	0.900	0	0.900
CCL13	CXCL12	9606.ENSP00000225844	9606.ENSP00000379140	0	0	0	0	0	0.221	0.900	0	0.918
CCL13	CCL19	9606.ENSP00000225844	9606.ENSP00000308815	0	0	0	0	0	0	0.900	0	0.900
CCL13	CCL21	9606.ENSP00000225844	9606.ENSP00000259607	0	0	0	0	0	0.221	0.900	0	0.918
CCL19	CCL21	9606.ENSP00000308815	9606.ENSP00000259607	0	0	0	0.844	0	0	0.900	0	0.900
CCL19	CXCL3	9606.ENSP00000308815	9606.ENSP00000296026	0	0	0	0	0	0	0.900	0	0.900
CCL19	CXCL8	9606.ENSP00000308815	9606.ENSP00000306512	0	0	0	0	0	0	0.900	0	0.900
CCL19	CCL4L1	9606.ENSP00000308815	9606.ENSP00000483609	0	0	0	0.801	0	0	0.900	0	0.900
CCL19	CCL4	9606.ENSP00000308815	9606.ENSP00000482259	0	0	0	0.793	0	0	0.900	0	0.900
CCL19	CXCL2	9606.ENSP00000308815	9606.ENSP00000427279	0	0	0	0	0	0	0.900	0	0.900
CCL19	CXCL1	9606.ENSP00000308815	9606.ENSP00000379110	0	0	0	0	0	0	0.900	0	0.900
CCL19	CXCL12	9606.ENSP00000308815	9606.ENSP00000379140	0	0	0	0	0	0	0.900	0	0.900
CCL21	CCL4L1	9606.ENSP00000259607	9606.ENSP00000483609	0	0	0	0.827	0	0	0.900	0	0.900
CCL21	CCL4	9606.ENSP00000259607	9606.ENSP00000482259	0	0	0	0.825	0	0	0.900	0	0.900
CCL21	CXCL3	9606.ENSP00000259607	9606.ENSP00000296026	0	0	0	0	0	0.069	0.900	0	0.902
CCL21	CXCL1	9606.ENSP00000259607	9606.ENSP00000379110	0	0	0	0	0	0.069	0.900	0	0.902
CCL21	CXCL8	9606.ENSP00000259607	9606.ENSP00000306512	0	0	0	0	0	0.069	0.900	0	0.902
CCL21	CXCL2	9606.ENSP00000259607	9606.ENSP00000427279	0	0	0	0	0	0.223	0.900	0	0.919
CCL21	CXCL12	9606.ENSP00000259607	9606.ENSP00000379140	0	0	0	0	0	0.221	0.900	0	0.918
CCL4	PLCG1	9606.ENSP00000482259	9606.ENSP00000244007	0	0	0	0	0	0	0.900	0	0.900
CCL4	CXCL3	9606.ENSP00000482259	9606.ENSP00000296026	0	0	0	0	0	0	0.900	0	0.900
CCL4	CXCL8	9606.ENSP00000482259	9606.ENSP00000306512	0	0	0	0	0	0.379	0.900	0	0.935
CCL4	CXCL1	9606.ENSP00000482259	9606.ENSP00000379110	0	0	0	0	0	0	0.900	0	0.900
CCL4	CXCL12	9606.ENSP00000482259	9606.ENSP00000379140	0	0	0	0	0	0	0.900	0	0.900
CCL4	CXCL2	9606.ENSP00000482259	9606.ENSP00000427279	0	0	0	0	0	0	0.900	0	0.900
CCL4	CCL4L1	9606.ENSP00000482259	9606.ENSP00000483609	0	0	0	0.982	0	0	0.900	0	0.900
CCL4L1	CXCL3	9606.ENSP00000483609	9606.ENSP00000296026	0	0	0	0	0	0	0.900	0	0.900
CCL4L1	CXCL8	9606.ENSP00000483609	9606.ENSP00000306512	0	0	0	0	0	0	0.900	0	0.900
CCL4L1	CXCL1	9606.ENSP00000483609	9606.ENSP00000379110	0	0	0	0	0	0	0.900	0	0.900
CCL4L1	CXCL12	9606.ENSP00000483609	9606.ENSP00000379140	0	0	0	0	0	0	0.900	0	0.900
CCL4L1	CXCL2	9606.ENSP00000483609	9606.ENSP00000427279	0	0	0	0	0	0	0.900	0	0.900
CD14	TAB1	9606.ENSP00000304236	9606.ENSP00000216160	0	0	0	0	0	0	0.900	0	0.900
CD14	LBP	9606.ENSP00000304236	9606.ENSP00000217407	0	0	0	0	0	0.379	0.900	0	0.935
CD14	TICAM1	9606.ENSP00000304236	9606.ENSP00000248244	0	0	0	0	0	0	0.900	0	0.900
CD14	RIPK1	9606.ENSP00000304236	9606.ENSP00000259808	0	0	0	0	0	0	0.900	0	0.900
CD14	LY96	9606.ENSP00000304236	9606.ENSP00000284818	0	0	0	0	0	0	0.900	0	0.900
CD14	TAB3	9606.ENSP00000304236	9606.ENSP00000368215	0	0	0	0	0	0	0.900	0	0.900
CD14	TRAF3	9606.ENSP00000304236	9606.ENSP00000454207	0	0	0	0	0	0	0.900	0	0.900
CD14	TAB2	9606.ENSP00000304236	9606.ENSP00000356426	0	0	0	0	0	0	0.900	0	0.900
CD14	IKBKG	9606.ENSP00000304236	9606.ENSP00000483825	0	0	0	0	0	0	0.900	0	0.900
CD14	IKBKB	9606.ENSP00000304236	9606.ENSP00000430684	0	0	0	0	0	0	0.900	0	0.900
CD14	MAP3K7	9606.ENSP00000304236	9606.ENSP00000358335	0	0	0	0	0	0	0.900	0	0.900
CD14	CHUK	9606.ENSP00000304236	9606.ENSP00000359424	0	0	0	0	0	0	0.900	0	0.900
CD14	IRAK1	9606.ENSP00000304236	9606.ENSP00000358997	0	0	0	0	0	0	0.900	0	0.900
CD14	TIRAP	9606.ENSP00000304236	9606.ENSP00000376445	0	0	0	0	0	0	0.900	0	0.900
CD14	TICAM2	9606.ENSP00000304236	9606.ENSP00000415139	0	0	0	0	0	0	0.900	0	0.900
CD14	MYD88	9606.ENSP00000304236	9606.ENSP00000401399	0	0	0	0	0	0	0.900	0	0.900
CD14	PLCG2	9606.ENSP00000304236	9606.ENSP00000482457	0	0	0	0	0	0	0.900	0	0.900
CD14	TLR4	9606.ENSP00000304236	9606.ENSP00000363089	0	0	0	0	0	0.472	0.900	0	0.944
CD40	NFKBIA	9606.ENSP00000361359	9606.ENSP00000216797	0	0	0	0	0	0	0.900	0	0.900
CD40	NFKB1	9606.ENSP00000361359	9606.ENSP00000226574	0	0	0	0	0	0	0.900	0	0.900
CD40	TRAF2	9606.ENSP00000361359	9606.ENSP00000247668	0	0	0	0	0	0.829	0.900	0	0.982
CD40	TRAF5	9606.ENSP00000361359	9606.ENSP00000261464	0	0	0	0	0	0.709	0.540	0	0.860
CD40	MAP3K7	9606.ENSP00000361359	9606.ENSP00000358335	0	0	0	0	0	0.776	0	0	0.776
CD40	CHUK	9606.ENSP00000361359	9606.ENSP00000359424	0	0	0	0	0	0.820	0.540	0	0.913
CD40	CD40LG	9606.ENSP00000361359	9606.ENSP00000359663	0	0	0	0	0	0.870	0.900	0	0.986
CD40	IKBKG	9606.ENSP00000361359	9606.ENSP00000483825	0	0	0	0	0	0.776	0	0	0.776
CD40	IKBKB	9606.ENSP00000361359	9606.ENSP00000430684	0	0	0	0	0	0.820	0.540	0	0.913
CD40	RELA	9606.ENSP00000361359	9606.ENSP00000384273	0	0	0	0	0	0	0.900	0	0.900
CD40	TRAF1	9606.ENSP00000361359	9606.ENSP00000362994	0	0	0	0	0	0.709	0.900	0	0.969
CD40	TRAF3	9606.ENSP00000361359	9606.ENSP00000454207	0	0	0	0	0	0.876	0.900	0	0.987
CD40LG	NFKBIA	9606.ENSP00000359663	9606.ENSP00000216797	0	0	0	0	0	0.059	0.900	0	0.901
CD40LG	NFKB1	9606.ENSP00000359663	9606.ENSP00000226574	0	0	0	0	0	0.059	0.900	0	0.901
CD40LG	TRAF2	9606.ENSP00000359663	9606.ENSP00000247668	0	0	0	0	0	0.316	0.900	0	0.928
CD40LG	TNFRSF13C	9606.ENSP00000359663	9606.ENSP00000291232	0	0	0	0	0	0	0.900	0	0.900
CD40LG	MAP3K14	9606.ENSP00000359663	9606.ENSP00000482657	0	0	0	0	0	0	0.900	0	0.900
CD40LG	TNFRSF11A	9606.ENSP00000359663	9606.ENSP00000465500	0	0	0	0	0	0	0.900	0	0.900
CD40LG	TNFSF11	9606.ENSP00000359663	9606.ENSP00000381775	0	0	0	0.592	0	0	0.900	0	0.900
CD40LG	LTB	9606.ENSP00000359663	9606.ENSP00000410481	0	0	0	0	0	0	0.900	0	0.900
CD40LG	TNFSF14	9606.ENSP00000359663	9606.ENSP00000469049	0	0	0	0	0	0	0.900	0	0.900
CD40LG	RELA	9606.ENSP00000359663	9606.ENSP00000384273	0	0	0	0	0	0	0.900	0	0.900
CD40LG	LTA	9606.ENSP00000359663	9606.ENSP00000403495	0	0	0	0	0	0	0.900	0	0.900
CD40LG	TRAF3	9606.ENSP00000359663	9606.ENSP00000454207	0	0	0	0	0	0.057	0.900	0	0.901
CD40LG	TRAF1	9606.ENSP00000359663	9606.ENSP00000362994	0	0	0	0	0	0.316	0.900	0	0.928
CD40LG	TNFSF13B	9606.ENSP00000359663	9606.ENSP00000365048	0	0	0	0	0	0	0.900	0	0.900
CD40LG	TNF	9606.ENSP00000359663	9606.ENSP00000398698	0	0	0	0	0	0	0.900	0	0.900
CHUK	TNFRSF1A	9606.ENSP00000359424	9606.ENSP00000162749	0	0	0	0	0	0.429	0.900	0	0.940
CHUK	TAB1	9606.ENSP00000359424	9606.ENSP00000216160	0	0	0	0	0	0.161	0.900	0	0.912
CHUK	NFKBIA	9606.ENSP00000359424	9606.ENSP00000216797	0	0	0	0	0	0.917	0.900	0	0.991
CHUK	RELB	9606.ENSP00000359424	9606.ENSP00000221452	0	0	0	0	0	0.115	0.900	0	0.907
CHUK	NFKB1	9606.ENSP00000359424	9606.ENSP00000226574	0	0	0	0	0	0.472	0.900	0	0.944
CHUK	TRAF2	9606.ENSP00000359424	9606.ENSP00000247668	0	0	0	0	0	0.702	0.900	0	0.968
CHUK	TICAM1	9606.ENSP00000359424	9606.ENSP00000248244	0	0	0	0	0	0.050	0.900	0	0.900
CHUK	RIPK1	9606.ENSP00000359424	9606.ENSP00000259808	0	0	0	0.554	0	0.313	0.900	0	0.928
CHUK	TRAF5	9606.ENSP00000359424	9606.ENSP00000261464	0	0	0	0	0	0.102	0.540	0	0.569
CHUK	PRKCQ	9606.ENSP00000359424	9606.ENSP00000263125	0	0	0	0.561	0	0.864	0.900	0	0.985
CHUK	LY96	9606.ENSP00000359424	9606.ENSP00000284818	0	0	0	0	0	0	0.900	0	0.900
CHUK	PRKCB	9606.ENSP00000359424	9606.ENSP00000305355	0	0	0	0.565	0	0.717	0.900	0	0.970
CHUK	MALT1	9606.ENSP00000359424	9606.ENSP00000319279	0	0	0	0	0	0.080	0.900	0	0.904
CHUK	TRIM25	9606.ENSP00000359424	9606.ENSP00000323889	0	0	0	0	0	0.064	0.900	0	0.902
CHUK	TRADD	9606.ENSP00000359424	9606.ENSP00000341268	0	0	0	0	0	0.324	0.900	0	0.929
CHUK	UBE2I	9606.ENSP00000359424	9606.ENSP00000348056	0	0	0	0	0	0.470	0	0	0.470
CHUK	TAB2	9606.ENSP00000359424	9606.ENSP00000356426	0	0	0	0	0	0.406	0.900	0	0.938
CHUK	MAP3K7	9606.ENSP00000359424	9606.ENSP00000358335	0	0	0	0.581	0	0.513	0.900	0	0.949
CHUK	NFKB2	9606.ENSP00000359424	9606.ENSP00000358983	0	0	0	0	0	0.472	0.900	0	0.944
CHUK	IRAK1	9606.ENSP00000359424	9606.ENSP00000358997	0	0	0	0.549	0	0.379	0.900	0	0.935
CHUK	TRAF1	9606.ENSP00000359424	9606.ENSP00000362994	0	0	0	0	0	0.418	0	0	0.418
CHUK	TRAF3	9606.ENSP00000359424	9606.ENSP00000454207	0	0	0	0	0	0.102	0.540	0	0.569
CHUK	IRAK4	9606.ENSP00000359424	9606.ENSP00000390651	0	0	0	0.582	0	0	0.900	0	0.900
CHUK	IL1R1	9606.ENSP00000359424	9606.ENSP00000386380	0	0	0	0	0	0.050	0.900	0	0.900
CHUK	TICAM2	9606.ENSP00000359424	9606.ENSP00000415139	0	0	0	0	0	0.124	0.900	0	0.908
CHUK	DDX58	9606.ENSP00000359424	9606.ENSP00000369213	0	0	0	0	0	0.062	0.900	0	0.902
CHUK	TIRAP	9606.ENSP00000359424	9606.ENSP00000376445	0	0	0	0	0	0.050	0.900	0	0.900
CHUK	TAB3	9606.ENSP00000359424	9606.ENSP00000368215	0	0	0	0	0	0.083	0.900	0	0.904
CHUK	CYLD	9606.ENSP00000359424	9606.ENSP00000392025	0	0	0	0	0	0.123	0.900	0	0.908
CHUK	TLR4	9606.ENSP00000359424	9606.ENSP00000363089	0	0	0	0	0	0.123	0.900	0	0.908
CHUK	MYD88	9606.ENSP00000359424	9606.ENSP00000401399	0	0	0	0	0	0.131	0.900	0	0.909
CHUK	ERC1	9606.ENSP00000359424	9606.ENSP00000468263	0	0	0	0	0	0.313	0.900	0	0.928
CHUK	TNFAIP3	9606.ENSP00000359424	9606.ENSP00000481570	0	0	0	0	0	0.406	0.900	0	0.938
CHUK	TNF	9606.ENSP00000359424	9606.ENSP00000398698	0	0	0	0	0	0.374	0.900	0	0.934
CHUK	MAP3K14	9606.ENSP00000359424	9606.ENSP00000482657	0	0	0	0.550	0	0.850	0.900	0	0.984
CHUK	IKBKB	9606.ENSP00000359424	9606.ENSP00000430684	0	0	0	0.942	0	0.910	0.900	0	0.990
CHUK	RELA	9606.ENSP00000359424	9606.ENSP00000384273	0	0	0	0	0	0.871	0.900	0	0.986
CHUK	IKBKG	9606.ENSP00000359424	9606.ENSP00000483825	0	0	0	0	0	0.946	0.900	0	0.994
CSNK2A1	NFKBIA	9606.ENSP00000217244	9606.ENSP00000216797	0	0	0	0	0	0.472	0.800	0	0.890
CSNK2A1	CSNK2A2	9606.ENSP00000217244	9606.ENSP00000262506	0	0	0	0.981	0	0.840	0.900	0	0.983
CSNK2A1	CSNK2B	9606.ENSP00000217244	9606.ENSP00000365042	0	0	0	0	0	0.994	0.900	0	0.999
CSNK2A2	NFKBIA	9606.ENSP00000262506	9606.ENSP00000216797	0	0	0	0	0	0.186	0.800	0	0.830
CSNK2A2	CSNK2B	9606.ENSP00000262506	9606.ENSP00000365042	0	0	0	0	0	0.876	0.900	0	0.987
CSNK2B	NFKBIA	9606.ENSP00000365042	9606.ENSP00000216797	0	0	0	0	0	0.579	0.800	0	0.912
CSNK2B	IKBKB	9606.ENSP00000365042	9606.ENSP00000430684	0	0	0	0	0	0.586	0	0	0.586
CSNK2B	LYN	9606.ENSP00000365042	9606.ENSP00000428924	0	0	0	0	0	0.612	0	0	0.612
CXCL1	NFKB1	9606.ENSP00000379110	9606.ENSP00000226574	0	0	0	0	0	0	0.900	0	0.900
CXCL1	CXCL3	9606.ENSP00000379110	9606.ENSP00000296026	0	0	0	0.979	0	0	0.900	0	0.900
CXCL1	CXCL8	9606.ENSP00000379110	9606.ENSP00000306512	0	0	0	0.878	0	0	0.900	0	0.900
CXCL1	RELA	9606.ENSP00000379110	9606.ENSP00000384273	0	0	0	0	0	0	0.800	0	0.800
CXCL1	CXCL12	9606.ENSP00000379110	9606.ENSP00000379140	0	0	0	0	0	0	0.900	0	0.900
CXCL1	CXCL2	9606.ENSP00000379110	9606.ENSP00000427279	0	0	0	0.979	0	0	0.900	0	0.900
CXCL12	PLCG1	9606.ENSP00000379140	9606.ENSP00000244007	0	0	0	0	0	0	0.900	0	0.900
CXCL12	CXCL3	9606.ENSP00000379140	9606.ENSP00000296026	0	0	0	0	0	0	0.900	0	0.900
CXCL12	CXCL8	9606.ENSP00000379140	9606.ENSP00000306512	0	0	0	0	0	0	0.900	0	0.900
CXCL12	LCK	9606.ENSP00000379140	9606.ENSP00000337825	0	0	0	0	0	0	0.900	0	0.900
CXCL12	CXCL2	9606.ENSP00000379140	9606.ENSP00000427279	0	0	0	0	0	0.224	0.900	0	0.919
CXCL2	NFKB1	9606.ENSP00000427279	9606.ENSP00000226574	0	0	0	0	0	0	0.800	0	0.800
CXCL2	CXCL3	9606.ENSP00000427279	9606.ENSP00000296026	0	0	0	0.979	0	0	0.900	0	0.900
CXCL2	CXCL8	9606.ENSP00000427279	9606.ENSP00000306512	0	0	0	0.874	0	0	0.900	0	0.900
CXCL2	RELA	9606.ENSP00000427279	9606.ENSP00000384273	0	0	0	0	0	0.342	0.800	0	0.862
CXCL3	NFKB1	9606.ENSP00000296026	9606.ENSP00000226574	0	0	0	0	0	0	0.800	0	0.800
CXCL3	RELA	9606.ENSP00000296026	9606.ENSP00000384273	0	0	0	0	0	0	0.800	0	0.800
CXCL3	CXCL8	9606.ENSP00000296026	9606.ENSP00000306512	0	0	0	0.865	0	0	0.900	0	0.900
CXCL8	NFKB1	9606.ENSP00000306512	9606.ENSP00000226574	0	0	0	0	0	0	0.900	0	0.900
CXCL8	LYN	9606.ENSP00000306512	9606.ENSP00000428924	0	0	0	0	0	0	0.900	0	0.900
CXCL8	RELA	9606.ENSP00000306512	9606.ENSP00000384273	0	0	0	0	0	0.342	0.900	0	0.931
CYLD	TNFRSF1A	9606.ENSP00000392025	9606.ENSP00000162749	0	0	0	0	0	0.361	0.900	0	0.933
CYLD	TAB1	9606.ENSP00000392025	9606.ENSP00000216160	0	0	0	0	0	0	0.900	0	0.900
CYLD	TRAF2	9606.ENSP00000392025	9606.ENSP00000247668	0	0	0	0	0	0.461	0.900	0	0.943
CYLD	RIPK1	9606.ENSP00000392025	9606.ENSP00000259808	0	0	0	0	0	0.472	0.900	0	0.944
CYLD	TRADD	9606.ENSP00000392025	9606.ENSP00000341268	0	0	0	0	0	0	0.900	0	0.900
CYLD	TAB2	9606.ENSP00000392025	9606.ENSP00000356426	0	0	0	0	0	0	0.900	0	0.900
CYLD	MAP3K7	9606.ENSP00000392025	9606.ENSP00000358335	0	0	0	0	0	0.472	0.900	0	0.945
CYLD	TAB3	9606.ENSP00000392025	9606.ENSP00000368215	0	0	0	0	0	0	0.900	0	0.900
CYLD	DDX58	9606.ENSP00000392025	9606.ENSP00000369213	0	0	0	0	0	0.365	0.900	0	0.933
CYLD	IKBKB	9606.ENSP00000392025	9606.ENSP00000430684	0	0	0	0	0	0.123	0.900	0	0.908
CYLD	TNF	9606.ENSP00000392025	9606.ENSP00000398698	0	0	0	0	0	0.336	0.900	0	0.930
CYLD	IKBKG	9606.ENSP00000392025	9606.ENSP00000483825	0	0	0	0	0	0.454	0.900	0	0.943
DDX58	NFKBIA	9606.ENSP00000369213	9606.ENSP00000216797	0	0	0	0	0	0	0.900	0	0.900
DDX58	NFKB1	9606.ENSP00000369213	9606.ENSP00000226574	0	0	0	0	0	0	0.900	0	0.900
DDX58	PLCG1	9606.ENSP00000369213	9606.ENSP00000244007	0	0	0	0	0	0	0.900	0	0.900
DDX58	TRAF2	9606.ENSP00000369213	9606.ENSP00000247668	0	0	0	0	0	0	0.900	0	0.900
DDX58	RIPK1	9606.ENSP00000369213	9606.ENSP00000259808	0	0	0	0	0	0.053	0.900	0	0.901
DDX58	TRIM25	9606.ENSP00000369213	9606.ENSP00000323889	0	0	0	0	0	0.472	0.900	0	0.944
DDX58	NFKB2	9606.ENSP00000369213	9606.ENSP00000358983	0	0	0	0	0	0	0.900	0	0.900
DDX58	IKBKB	9606.ENSP00000369213	9606.ENSP00000430684	0	0	0	0	0	0.062	0.900	0	0.902
DDX58	RELA	9606.ENSP00000369213	9606.ENSP00000384273	0	0	0	0	0	0	0.900	0	0.900
DDX58	IKBKG	9606.ENSP00000369213	9606.ENSP00000483825	0	0	0	0	0	0.305	0.900	0	0.927
DDX58	TRAF3	9606.ENSP00000369213	9606.ENSP00000454207	0	0	0	0	0	0.379	0.900	0	0.935
EDA	EDAR	9606.ENSP00000363680	9606.ENSP00000258443	0	0	0	0	0	0.379	0.900	0	0.935
EDA	EDARADD	9606.ENSP00000363680	9606.ENSP00000335076	0	0	0	0	0	0	0.900	0	0.900
EDA	EDA2R	9606.ENSP00000363680	9606.ENSP00000379365	0	0	0	0	0	0.379	0.800	0	0.870
EDA2R	TRAF2	9606.ENSP00000379365	9606.ENSP00000247668	0	0	0	0	0	0.608	0	0	0.608
EDA2R	TRAF1	9606.ENSP00000379365	9606.ENSP00000362994	0	0	0	0	0	0.558	0	0	0.558
EDAR	EDARADD	9606.ENSP00000258443	9606.ENSP00000335076	0	0	0	0	0	0.379	0.900	0	0.935
ERC1	TAB1	9606.ENSP00000468263	9606.ENSP00000216160	0	0	0	0	0	0	0.900	0	0.900
ERC1	NFKBIA	9606.ENSP00000468263	9606.ENSP00000216797	0	0	0	0	0	0.313	0.900	0	0.928
ERC1	NFKB1	9606.ENSP00000468263	9606.ENSP00000226574	0	0	0	0	0	0	0.900	0	0.900
ERC1	TAB2	9606.ENSP00000468263	9606.ENSP00000356426	0	0	0	0	0	0	0.900	0	0.900
ERC1	MAP3K7	9606.ENSP00000468263	9606.ENSP00000358335	0	0	0	0	0	0.336	0.900	0	0.930
ERC1	IRAK1	9606.ENSP00000468263	9606.ENSP00000358997	0	0	0	0	0	0	0.900	0	0.900
ERC1	RELA	9606.ENSP00000468263	9606.ENSP00000384273	0	0	0	0	0	0	0.900	0	0.900
ERC1	IKBKB	9606.ENSP00000468263	9606.ENSP00000430684	0	0	0	0	0	0.336	0.900	0	0.930
ERC1	IKBKG	9606.ENSP00000468263	9606.ENSP00000483825	0	0	0	0	0	0.419	0.900	0	0.939
GADD45A	GADD45B	9606.ENSP00000360025	9606.ENSP00000215631	0	0	0	0.951	0	0.379	0.900	0	0.935
GADD45A	GADD45G	9606.ENSP00000360025	9606.ENSP00000252506	0	0	0	0.948	0	0.379	0.900	0	0.935
GADD45B	GADD45G	9606.ENSP00000215631	9606.ENSP00000252506	0	0	0	0.947	0	0.379	0.900	0	0.935
ICAM1	PLCG1	9606.ENSP00000264832	9606.ENSP00000244007	0	0	0	0	0	0	0.800	0	0.800
ICAM1	RELA	9606.ENSP00000264832	9606.ENSP00000384273	0	0	0	0	0	0.417	0	0	0.417
ICAM1	PLCG2	9606.ENSP00000264832	9606.ENSP00000482457	0	0	0	0	0	0	0.800	0	0.800
ICAM1	TRIM25	9606.ENSP00000264832	9606.ENSP00000323889	0	0	0	0	0	0	0.900	0	0.900
IKBKB	TNFRSF1A	9606.ENSP00000430684	9606.ENSP00000162749	0	0	0	0	0	0.701	0.900	0	0.968
IKBKB	TAB1	9606.ENSP00000430684	9606.ENSP00000216160	0	0	0	0	0	0.456	0.900	0	0.943
IKBKB	NFKBIA	9606.ENSP00000430684	9606.ENSP00000216797	0	0	0	0	0	0.919	0.900	0	0.991
IKBKB	NFKB1	9606.ENSP00000430684	9606.ENSP00000226574	0	0	0	0	0	0.733	0.900	0	0.972
IKBKB	TRAF2	9606.ENSP00000430684	9606.ENSP00000247668	0	0	0	0	0	0.711	0.900	0	0.969
IKBKB	TICAM1	9606.ENSP00000430684	9606.ENSP00000248244	0	0	0	0	0	0.050	0.900	0	0.900
IKBKB	RIPK1	9606.ENSP00000430684	9606.ENSP00000259808	0	0	0	0.548	0	0.313	0.900	0	0.928
IKBKB	TRAF5	9606.ENSP00000430684	9606.ENSP00000261464	0	0	0	0	0	0.102	0.540	0	0.569
IKBKB	PRKCQ	9606.ENSP00000430684	9606.ENSP00000263125	0	0	0	0.565	0	0.864	0.900	0	0.985
IKBKB	LY96	9606.ENSP00000430684	9606.ENSP00000284818	0	0	0	0	0	0	0.900	0	0.900
IKBKB	PRKCB	9606.ENSP00000430684	9606.ENSP00000305355	0	0	0	0.565	0	0.697	0.900	0	0.968
IKBKB	MALT1	9606.ENSP00000430684	9606.ENSP00000319279	0	0	0	0	0	0.355	0.900	0	0.932
IKBKB	TRIM25	9606.ENSP00000430684	9606.ENSP00000323889	0	0	0	0	0	0.064	0.900	0	0.902
IKBKB	TRADD	9606.ENSP00000430684	9606.ENSP00000341268	0	0	0	0	0	0.057	0.900	0	0.901
IKBKB	TAB2	9606.ENSP00000430684	9606.ENSP00000356426	0	0	0	0	0	0.349	0.900	0	0.932
IKBKB	MAP3K7	9606.ENSP00000430684	9606.ENSP00000358335	0	0	0	0.570	0	0.860	0.900	0	0.985
IKBKB	NFKB2	9606.ENSP00000430684	9606.ENSP00000358983	0	0	0	0	0	0.322	0.900	0	0.929
IKBKB	IRAK1	9606.ENSP00000430684	9606.ENSP00000358997	0	0	0	0.551	0	0.379	0.900	0	0.935
IKBKB	TRAF1	9606.ENSP00000430684	9606.ENSP00000362994	0	0	0	0	0	0.418	0	0	0.418
IKBKB	TLR4	9606.ENSP00000430684	9606.ENSP00000363089	0	0	0	0	0	0.123	0.900	0	0.908
IKBKB	TAB3	9606.ENSP00000430684	9606.ENSP00000368215	0	0	0	0	0	0.343	0.900	0	0.931
IKBKB	TIRAP	9606.ENSP00000430684	9606.ENSP00000376445	0	0	0	0	0	0.050	0.900	0	0.900
IKBKB	RELA	9606.ENSP00000430684	9606.ENSP00000384273	0	0	0	0	0	0.871	0.900	0	0.986
IKBKB	IRAK4	9606.ENSP00000430684	9606.ENSP00000390651	0	0	0	0.580	0	0	0.900	0	0.900
IKBKB	TNF	9606.ENSP00000430684	9606.ENSP00000398698	0	0	0	0	0	0.993	0.900	0	0.999
IKBKB	MYD88	9606.ENSP00000430684	9606.ENSP00000401399	0	0	0	0	0	0.370	0.900	0	0.934
IKBKB	TICAM2	9606.ENSP00000430684	9606.ENSP00000415139	0	0	0	0	0	0.124	0.900	0	0.908
IKBKB	TRAF3	9606.ENSP00000430684	9606.ENSP00000454207	0	0	0	0	0	0.102	0.540	0	0.569
IKBKB	TNFAIP3	9606.ENSP00000430684	9606.ENSP00000481570	0	0	0	0	0	0.406	0.900	0	0.938
IKBKB	MAP3K14	9606.ENSP00000430684	9606.ENSP00000482657	0	0	0	0.550	0	0.916	0.900	0	0.991
IKBKB	IKBKG	9606.ENSP00000430684	9606.ENSP00000483825	0	0	0	0	0	0.998	0.900	0	0.999
IKBKG	TNFRSF1A	9606.ENSP00000483825	9606.ENSP00000162749	0	0	0	0	0	0.441	0.900	0	0.941
IKBKG	TAB1	9606.ENSP00000483825	9606.ENSP00000216160	0	0	0	0	0	0.742	0.900	0	0.973
IKBKG	NFKBIA	9606.ENSP00000483825	9606.ENSP00000216797	0	0	0	0	0	0.920	0.900	0	0.991
IKBKG	NFKB1	9606.ENSP00000483825	9606.ENSP00000226574	0	0	0	0	0	0.470	0.900	0	0.944
IKBKG	TRAF2	9606.ENSP00000483825	9606.ENSP00000247668	0	0	0	0	0	0.829	0.900	0	0.982
IKBKG	TICAM1	9606.ENSP00000483825	9606.ENSP00000248244	0	0	0	0	0	0	0.900	0	0.900
IKBKG	RIPK1	9606.ENSP00000483825	9606.ENSP00000259808	0	0	0	0	0	0.993	0.900	0	0.999
IKBKG	PIAS4	9606.ENSP00000483825	9606.ENSP00000262971	0	0	0	0	0	0.379	0.900	0	0.935
IKBKG	PRKCQ	9606.ENSP00000483825	9606.ENSP00000263125	0	0	0	0	0	0.313	0.900	0	0.928
IKBKG	LY96	9606.ENSP00000483825	9606.ENSP00000284818	0	0	0	0	0	0	0.900	0	0.900
IKBKG	PRKCB	9606.ENSP00000483825	9606.ENSP00000305355	0	0	0	0	0	0.167	0.900	0	0.913
IKBKG	MALT1	9606.ENSP00000483825	9606.ENSP00000319279	0	0	0	0	0	0.379	0.900	0	0.935
IKBKG	TRIM25	9606.ENSP00000483825	9606.ENSP00000323889	0	0	0	0	0	0	0.900	0	0.900
IKBKG	PIDD1	9606.ENSP00000483825	9606.ENSP00000337797	0	0	0	0	0	0.467	0	0	0.467
IKBKG	TRADD	9606.ENSP00000483825	9606.ENSP00000341268	0	0	0	0	0	0	0.900	0	0.900
IKBKG	UBE2I	9606.ENSP00000483825	9606.ENSP00000348056	0	0	0	0	0	0.175	0.900	0	0.913
IKBKG	TAB2	9606.ENSP00000483825	9606.ENSP00000356426	0	0	0	0	0	0.742	0.900	0	0.973
IKBKG	MAP3K7	9606.ENSP00000483825	9606.ENSP00000358335	0	0	0	0	0	0.948	0.900	0	0.994
IKBKG	NFKB2	9606.ENSP00000483825	9606.ENSP00000358983	0	0	0	0	0	0.232	0.900	0	0.919
IKBKG	IRAK1	9606.ENSP00000483825	9606.ENSP00000358997	0	0	0	0	0	0.765	0.900	0	0.975
IKBKG	TRAF1	9606.ENSP00000483825	9606.ENSP00000362994	0	0	0	0	0	0.571	0	0	0.571
IKBKG	TLR4	9606.ENSP00000483825	9606.ENSP00000363089	0	0	0	0	0	0.809	0.900	0	0.980
IKBKG	TAB3	9606.ENSP00000483825	9606.ENSP00000368215	0	0	0	0	0	0.742	0.900	0	0.973
IKBKG	TIRAP	9606.ENSP00000483825	9606.ENSP00000376445	0	0	0	0	0	0	0.900	0	0.900
IKBKG	RELA	9606.ENSP00000483825	9606.ENSP00000384273	0	0	0	0	0	0.871	0.900	0	0.986
IKBKG	IRAK4	9606.ENSP00000483825	9606.ENSP00000390651	0	0	0	0	0	0.765	0.900	0	0.975
IKBKG	TNF	9606.ENSP00000483825	9606.ENSP00000398698	0	0	0	0	0	0.993	0.900	0	0.999
IKBKG	MYD88	9606.ENSP00000483825	9606.ENSP00000401399	0	0	0	0	0	0.742	0.900	0	0.973
IKBKG	TICAM2	9606.ENSP00000483825	9606.ENSP00000415139	0	0	0	0	0	0	0.900	0	0.900
IKBKG	TRAF3	9606.ENSP00000483825	9606.ENSP00000454207	0	0	0	0	0	0.452	0	0	0.452
IKBKG	TNFAIP3	9606.ENSP00000483825	9606.ENSP00000481570	0	0	0	0	0	0.445	0.900	0	0.942
IKBKG	MAP3K14	9606.ENSP00000483825	9606.ENSP00000482657	0	0	0	0	0	0.832	0.900	0	0.982
IL1B	NFKB1	9606.ENSP00000263341	9606.ENSP00000226574	0	0	0	0	0	0	0.900	0	0.900
IL1B	MALT1	9606.ENSP00000263341	9606.ENSP00000319279	0	0	0	0	0	0	0.900	0	0.900
IL1B	TICAM2	9606.ENSP00000263341	9606.ENSP00000415139	0	0	0	0	0	0	0.900	0	0.900
IL1B	NFKB2	9606.ENSP00000263341	9606.ENSP00000358983	0	0	0	0	0	0	0.900	0	0.900
IL1B	RELA	9606.ENSP00000263341	9606.ENSP00000384273	0	0	0	0	0	0	0.900	0	0.900
IL1B	IRAK4	9606.ENSP00000263341	9606.ENSP00000390651	0	0	0	0	0	0.059	0.900	0	0.901
IL1B	IRAK1	9606.ENSP00000263341	9606.ENSP00000358997	0	0	0	0	0	0.059	0.900	0	0.901
IL1B	MYD88	9606.ENSP00000263341	9606.ENSP00000401399	0	0	0	0	0	0	0.900	0	0.900
IL1B	IL1R1	9606.ENSP00000263341	9606.ENSP00000386380	0	0	0	0	0	0.875	0.900	0	0.987
IL1R1	TAB1	9606.ENSP00000386380	9606.ENSP00000216160	0	0	0	0	0	0	0.900	0	0.900
IL1R1	NFKB1	9606.ENSP00000386380	9606.ENSP00000226574	0	0	0	0	0	0	0.900	0	0.900
IL1R1	MAP3K7	9606.ENSP00000386380	9606.ENSP00000358335	0	0	0	0	0	0.050	0.900	0	0.900
IL1R1	IRAK1	9606.ENSP00000386380	9606.ENSP00000358997	0	0	0	0	0	0.993	0.900	0	0.999
IL1R1	RELA	9606.ENSP00000386380	9606.ENSP00000384273	0	0	0	0	0	0	0.900	0	0.900
IL1R1	TICAM2	9606.ENSP00000386380	9606.ENSP00000415139	0	0	0	0	0	0.354	0.900	0	0.932
IL1R1	MYD88	9606.ENSP00000386380	9606.ENSP00000401399	0	0	0	0	0	0.993	0.900	0	0.999
IL1R1	IRAK4	9606.ENSP00000386380	9606.ENSP00000390651	0	0	0	0	0	0.993	0.900	0	0.999
IRAK1	TAB1	9606.ENSP00000358997	9606.ENSP00000216160	0	0	0	0	0	0.225	0.900	0	0.919
IRAK1	NFKBIA	9606.ENSP00000358997	9606.ENSP00000216797	0	0	0	0	0	0.261	0.900	0	0.922
IRAK1	NFKB1	9606.ENSP00000358997	9606.ENSP00000226574	0	0	0	0	0	0.185	0.900	0	0.915
IRAK1	LY96	9606.ENSP00000358997	9606.ENSP00000284818	0	0	0	0	0	0	0.900	0	0.900
IRAK1	TAB2	9606.ENSP00000358997	9606.ENSP00000356426	0	0	0	0	0	0.753	0.900	0	0.974
IRAK1	MAP3K7	9606.ENSP00000358997	9606.ENSP00000358335	0	0	0	0.564	0	0.468	0.900	0	0.944
IRAK1	RELA	9606.ENSP00000358997	9606.ENSP00000384273	0	0	0	0	0	0	0.900	0	0.900
IRAK1	TAB3	9606.ENSP00000358997	9606.ENSP00000368215	0	0	0	0	0	0.083	0.900	0	0.904
IRAK1	TICAM2	9606.ENSP00000358997	9606.ENSP00000415139	0	0	0	0	0	0.409	0.900	0	0.938
IRAK1	IRAK4	9606.ENSP00000358997	9606.ENSP00000390651	0	0	0	0.754	0	0.779	0.900	0	0.976
IRAK1	TIRAP	9606.ENSP00000358997	9606.ENSP00000376445	0	0	0	0	0	0.517	0.900	0	0.949
IRAK1	TLR4	9606.ENSP00000358997	9606.ENSP00000363089	0	0	0	0	0	0.579	0.900	0	0.956
IRAK1	MYD88	9606.ENSP00000358997	9606.ENSP00000401399	0	0	0	0	0	0.570	0.900	0	0.955
IRAK4	TAB1	9606.ENSP00000390651	9606.ENSP00000216160	0	0	0	0	0	0.161	0.600	0	0.650
IRAK4	LY96	9606.ENSP00000390651	9606.ENSP00000284818	0	0	0	0	0	0	0.900	0	0.900
IRAK4	TAB2	9606.ENSP00000390651	9606.ENSP00000356426	0	0	0	0	0	0.083	0.600	0	0.617
IRAK4	MAP3K7	9606.ENSP00000390651	9606.ENSP00000358335	0	0	0	0.605	0	0.144	0.600	0	0.642
IRAK4	TLR4	9606.ENSP00000390651	9606.ENSP00000363089	0	0	0	0	0	0.435	0.900	0	0.941
IRAK4	TAB3	9606.ENSP00000390651	9606.ENSP00000368215	0	0	0	0	0	0.083	0.600	0	0.617
IRAK4	TIRAP	9606.ENSP00000390651	9606.ENSP00000376445	0	0	0	0	0	0.807	0.900	0	0.979
IRAK4	TICAM2	9606.ENSP00000390651	9606.ENSP00000415139	0	0	0	0	0	0.409	0.900	0	0.938
IRAK4	MYD88	9606.ENSP00000390651	9606.ENSP00000401399	0	0	0	0	0	0.922	0.900	0	0.991
LAT	PLCG1	9606.ENSP00000378845	9606.ENSP00000244007	0	0	0	0	0	0.635	0.900	0	0.962
LAT	PRKCQ	9606.ENSP00000378845	9606.ENSP00000263125	0	0	0	0	0	0	0.900	0	0.900
LAT	ZAP70	9606.ENSP00000378845	9606.ENSP00000264972	0	0	0	0	0	0.349	0.900	0	0.932
LAT	LCK	9606.ENSP00000378845	9606.ENSP00000337825	0	0	0	0	0	0.382	0.900	0	0.935
LAT	MAP3K7	9606.ENSP00000378845	9606.ENSP00000358335	0	0	0	0	0	0.083	0.900	0	0.904
LAT	SYK	9606.ENSP00000378845	9606.ENSP00000364907	0	0	0	0	0	0.406	0.900	0	0.938
LAT	LYN	9606.ENSP00000378845	9606.ENSP00000428924	0	0	0	0	0	0.100	0.900	0	0.906
LAT	PLCG2	9606.ENSP00000378845	9606.ENSP00000482457	0	0	0	0	0	0.595	0.900	0	0.957
LBP	LY96	9606.ENSP00000217407	9606.ENSP00000284818	0	0	0	0	0	0	0.900	0	0.900
LBP	TLR4	9606.ENSP00000217407	9606.ENSP00000363089	0	0	0	0	0	0	0.900	0	0.900
LCK	NFKBIA	9606.ENSP00000337825	9606.ENSP00000216797	0	0	0	0	0	0.433	0.900	0	0.940
LCK	NFKB1	9606.ENSP00000337825	9606.ENSP00000226574	0	0	0	0	0	0.125	0.900	0	0.908
LCK	PLCG1	9606.ENSP00000337825	9606.ENSP00000244007	0	0	0	0	0	0.472	0.900	0	0.944
LCK	TRAF2	9606.ENSP00000337825	9606.ENSP00000247668	0	0	0	0	0	0.102	0.800	0	0.812
LCK	PRKCQ	9606.ENSP00000337825	9606.ENSP00000263125	0	0	0	0.576	0	0.398	0.900	0	0.937
LCK	ZAP70	9606.ENSP00000337825	9606.ENSP00000264972	0	0	0	0.751	0	0.472	0.900	0	0.944
LCK	PRKCB	9606.ENSP00000337825	9606.ENSP00000305355	0	0	0	0.573	0	0.073	0.900	0	0.903
LCK	RELA	9606.ENSP00000337825	9606.ENSP00000384273	0	0	0	0	0	0	0.900	0	0.900
LCK	LYN	9606.ENSP00000337825	9606.ENSP00000428924	0	0	0	0.967	0	0.348	0.900	0	0.932
LCK	PLCG2	9606.ENSP00000337825	9606.ENSP00000482457	0	0	0	0.553	0	0.400	0.900	0	0.937
LCK	SYK	9606.ENSP00000337825	9606.ENSP00000364907	0	0	0	0.762	0	0.492	0.900	0	0.947
LTA	TNFRSF1A	9606.ENSP00000403495	9606.ENSP00000162749	0	0	0	0	0	0.890	0.900	0	0.988
LTA	TRAF2	9606.ENSP00000403495	9606.ENSP00000247668	0	0	0	0	0	0	0.900	0	0.900
LTA	RIPK1	9606.ENSP00000403495	9606.ENSP00000259808	0	0	0	0	0	0.326	0.900	0	0.929
LTA	TNFRSF13C	9606.ENSP00000403495	9606.ENSP00000291232	0	0	0	0	0	0	0.900	0	0.900
LTA	TRAF1	9606.ENSP00000403495	9606.ENSP00000362994	0	0	0	0	0	0	0.900	0	0.900
LTA	TNFSF13B	9606.ENSP00000403495	9606.ENSP00000365048	0	0	0	0	0	0	0.900	0	0.900
LTA	TNFSF11	9606.ENSP00000403495	9606.ENSP00000381775	0	0	0	0	0	0	0.900	0	0.900
LTA	TNF	9606.ENSP00000403495	9606.ENSP00000398698	0	0	0	0.759	0	0.379	0.900	0	0.935
LTA	TRAF3	9606.ENSP00000403495	9606.ENSP00000454207	0	0	0	0	0	0	0.900	0	0.900
LTA	TNFRSF11A	9606.ENSP00000403495	9606.ENSP00000465500	0	0	0	0	0	0	0.900	0	0.900
LTA	MAP3K14	9606.ENSP00000403495	9606.ENSP00000482657	0	0	0	0	0	0	0.900	0	0.900
LTA	TNFSF14	9606.ENSP00000403495	9606.ENSP00000469049	0	0	0	0	0	0	0.900	0	0.900
LTA	LTB	9606.ENSP00000403495	9606.ENSP00000410481	0	0	0	0.647	0	0.882	0.900	0	0.987
LTB	TNFRSF1A	9606.ENSP00000410481	9606.ENSP00000162749	0	0	0	0	0	0.457	0	0	0.457
LTB	TRAF2	9606.ENSP00000410481	9606.ENSP00000247668	0	0	0	0	0	0	0.900	0	0.900
LTB	TNFRSF13C	9606.ENSP00000410481	9606.ENSP00000291232	0	0	0	0	0	0	0.900	0	0.900
LTB	TNFSF13B	9606.ENSP00000410481	9606.ENSP00000365048	0	0	0	0	0	0	0.900	0	0.900
LTB	TNFSF11	9606.ENSP00000410481	9606.ENSP00000381775	0	0	0	0	0	0	0.900	0	0.900
LTB	TNF	9606.ENSP00000410481	9606.ENSP00000398698	0	0	0	0.664	0	0.102	0.900	0	0.906
LTB	TRAF3	9606.ENSP00000410481	9606.ENSP00000454207	0	0	0	0	0	0	0.900	0	0.900
LTB	MAP3K14	9606.ENSP00000410481	9606.ENSP00000482657	0	0	0	0	0	0	0.900	0	0.900
LTB	TNFRSF11A	9606.ENSP00000410481	9606.ENSP00000465500	0	0	0	0	0	0	0.900	0	0.900
LTB	TNFSF14	9606.ENSP00000410481	9606.ENSP00000469049	0	0	0	0.625	0	0.305	0.900	0	0.927
LY96	TAB1	9606.ENSP00000284818	9606.ENSP00000216160	0	0	0	0	0	0	0.900	0	0.900
LY96	TICAM1	9606.ENSP00000284818	9606.ENSP00000248244	0	0	0	0	0	0	0.900	0	0.900
LY96	RIPK1	9606.ENSP00000284818	9606.ENSP00000259808	0	0	0	0	0	0	0.900	0	0.900
LY96	PLCG2	9606.ENSP00000284818	9606.ENSP00000482457	0	0	0	0	0	0	0.900	0	0.900
LY96	MAP3K7	9606.ENSP00000284818	9606.ENSP00000358335	0	0	0	0	0	0	0.900	0	0.900
LY96	TAB3	9606.ENSP00000284818	9606.ENSP00000368215	0	0	0	0	0	0	0.900	0	0.900
LY96	TRAF3	9606.ENSP00000284818	9606.ENSP00000454207	0	0	0	0	0	0	0.900	0	0.900
LY96	TAB2	9606.ENSP00000284818	9606.ENSP00000356426	0	0	0	0	0	0	0.900	0	0.900
LY96	TICAM2	9606.ENSP00000284818	9606.ENSP00000415139	0	0	0	0	0	0	0.900	0	0.900
LY96	TIRAP	9606.ENSP00000284818	9606.ENSP00000376445	0	0	0	0	0	0	0.900	0	0.900
LY96	MYD88	9606.ENSP00000284818	9606.ENSP00000401399	0	0	0	0	0	0	0.900	0	0.900
LY96	TLR4	9606.ENSP00000284818	9606.ENSP00000363089	0	0	0	0	0	0.871	0.900	0	0.986
LYN	NFKB1	9606.ENSP00000428924	9606.ENSP00000226574	0	0	0	0	0	0.125	0.900	0	0.908
LYN	PLCG1	9606.ENSP00000428924	9606.ENSP00000244007	0	0	0	0	0	0.416	0.900	0	0.939
LYN	PRKCQ	9606.ENSP00000428924	9606.ENSP00000263125	0	0	0	0.585	0	0.398	0.900	0	0.937
LYN	ZAP70	9606.ENSP00000428924	9606.ENSP00000264972	0	0	0	0.742	0	0.064	0.900	0	0.902
LYN	PRKCB	9606.ENSP00000428924	9606.ENSP00000305355	0	0	0	0.576	0	0.386	0.800	0	0.871
LYN	SYK	9606.ENSP00000428924	9606.ENSP00000364907	0	0	0	0.723	0	0.455	0.900	0	0.943
LYN	PLCG2	9606.ENSP00000428924	9606.ENSP00000482457	0	0	0	0.558	0	0.410	0.900	0	0.938
MALT1	TAB1	9606.ENSP00000319279	9606.ENSP00000216160	0	0	0	0	0	0	0.900	0	0.900
MALT1	NFKBIA	9606.ENSP00000319279	9606.ENSP00000216797	0	0	0	0	0	0.320	0.900	0	0.929
MALT1	NFKB1	9606.ENSP00000319279	9606.ENSP00000226574	0	0	0	0	0	0	0.900	0	0.900
MALT1	TRAF2	9606.ENSP00000319279	9606.ENSP00000247668	0	0	0	0	0	0.406	0	0	0.406
MALT1	PRKCQ	9606.ENSP00000319279	9606.ENSP00000263125	0	0	0	0	0	0.860	0.900	0	0.985
MALT1	PRKCB	9606.ENSP00000319279	9606.ENSP00000305355	0	0	0	0	0	0	0.900	0	0.900
MALT1	TRAF3	9606.ENSP00000319279	9606.ENSP00000454207	0	0	0	0	0	0.472	0	0	0.472
MALT1	TAB3	9606.ENSP00000319279	9606.ENSP00000368215	0	0	0	0	0	0	0.900	0	0.900
MALT1	RELA	9606.ENSP00000319279	9606.ENSP00000384273	0	0	0	0	0	0	0.900	0	0.900
MALT1	MAP3K7	9606.ENSP00000319279	9606.ENSP00000358335	0	0	0	0	0	0.428	0.900	0	0.940
MALT1	TAB2	9606.ENSP00000319279	9606.ENSP00000356426	0	0	0	0	0	0.328	0.900	0	0.929
MAP3K14	TNFRSF1A	9606.ENSP00000482657	9606.ENSP00000162749	0	0	0	0	0	0	0.900	0	0.900
MAP3K14	TAB1	9606.ENSP00000482657	9606.ENSP00000216160	0	0	0	0	0	0.191	0.900	0	0.915
MAP3K14	RELB	9606.ENSP00000482657	9606.ENSP00000221452	0	0	0	0	0	0	0.900	0	0.900
MAP3K14	TRAF2	9606.ENSP00000482657	9606.ENSP00000247668	0	0	0	0	0	0.414	0.900	0	0.938
MAP3K14	RIPK1	9606.ENSP00000482657	9606.ENSP00000259808	0	0	0	0.548	0	0.407	0.900	0	0.938
MAP3K14	TRAF5	9606.ENSP00000482657	9606.ENSP00000261464	0	0	0	0	0	0.344	0.800	0	0.863
MAP3K14	TNFRSF13C	9606.ENSP00000482657	9606.ENSP00000291232	0	0	0	0	0	0	0.900	0	0.900
MAP3K14	TRADD	9606.ENSP00000482657	9606.ENSP00000341268	0	0	0	0	0	0	0.900	0	0.900
MAP3K14	TAB2	9606.ENSP00000482657	9606.ENSP00000356426	0	0	0	0	0	0	0.900	0	0.900
MAP3K14	MAP3K7	9606.ENSP00000482657	9606.ENSP00000358335	0	0	0	0.565	0	0.407	0.900	0	0.938
MAP3K14	NFKB2	9606.ENSP00000482657	9606.ENSP00000358983	0	0	0	0	0	0.389	0.900	0	0.936
MAP3K14	TRAF1	9606.ENSP00000482657	9606.ENSP00000362994	0	0	0	0	0	0.352	0.900	0	0.932
MAP3K14	TNFSF13B	9606.ENSP00000482657	9606.ENSP00000365048	0	0	0	0	0	0	0.900	0	0.900
MAP3K14	TAB3	9606.ENSP00000482657	9606.ENSP00000368215	0	0	0	0	0	0	0.800	0	0.800
MAP3K14	TNFSF11	9606.ENSP00000482657	9606.ENSP00000381775	0	0	0	0	0	0	0.900	0	0.900
MAP3K14	TNF	9606.ENSP00000482657	9606.ENSP00000398698	0	0	0	0	0	0	0.900	0	0.900
MAP3K14	TRAF3	9606.ENSP00000482657	9606.ENSP00000454207	0	0	0	0	0	0.414	0.900	0	0.938
MAP3K14	TNFRSF11A	9606.ENSP00000482657	9606.ENSP00000465500	0	0	0	0	0	0	0.900	0	0.900
MAP3K14	TNFSF14	9606.ENSP00000482657	9606.ENSP00000469049	0	0	0	0	0	0	0.900	0	0.900
MAP3K7	TNFRSF1A	9606.ENSP00000358335	9606.ENSP00000162749	0	0	0	0	0	0.472	0.900	0	0.944
MAP3K7	TAB1	9606.ENSP00000358335	9606.ENSP00000216160	0	0	0	0	0	0.957	0.900	0	0.995
MAP3K7	NFKBIA	9606.ENSP00000358335	9606.ENSP00000216797	0	0	0	0	0	0.414	0.900	0	0.938
MAP3K7	NFKB1	9606.ENSP00000358335	9606.ENSP00000226574	0	0	0	0	0	0.125	0.900	0	0.908
MAP3K7	TRAF2	9606.ENSP00000358335	9606.ENSP00000247668	0	0	0	0	0	0.433	0.900	0	0.940
MAP3K7	TICAM1	9606.ENSP00000358335	9606.ENSP00000248244	0	0	0	0	0	0.064	0.900	0	0.902
MAP3K7	RIPK1	9606.ENSP00000358335	9606.ENSP00000259808	0	0	0	0.585	0	0.379	0.900	0	0.935
MAP3K7	TRAF5	9606.ENSP00000358335	9606.ENSP00000261464	0	0	0	0	0	0.378	0.800	0	0.870
MAP3K7	PRKCQ	9606.ENSP00000358335	9606.ENSP00000263125	0	0	0	0.560	0	0.864	0.900	0	0.985
MAP3K7	TRADD	9606.ENSP00000358335	9606.ENSP00000341268	0	0	0	0	0	0.057	0.900	0	0.901
MAP3K7	TAB2	9606.ENSP00000358335	9606.ENSP00000356426	0	0	0	0	0	0.994	0.900	0	0.999
MAP3K7	SYK	9606.ENSP00000358335	9606.ENSP00000364907	0	0	0	0.575	0	0.434	0	0	0.434
MAP3K7	TRAF3	9606.ENSP00000358335	9606.ENSP00000454207	0	0	0	0	0	0.418	0	0	0.418
MAP3K7	TNFAIP3	9606.ENSP00000358335	9606.ENSP00000481570	0	0	0	0	0	0.125	0.900	0	0.908
MAP3K7	TICAM2	9606.ENSP00000358335	9606.ENSP00000415139	0	0	0	0	0	0.765	0.900	0	0.975
MAP3K7	RELA	9606.ENSP00000358335	9606.ENSP00000384273	0	0	0	0	0	0.695	0.900	0	0.968
MAP3K7	TLR4	9606.ENSP00000358335	9606.ENSP00000363089	0	0	0	0	0	0.809	0.900	0	0.980
MAP3K7	MYD88	9606.ENSP00000358335	9606.ENSP00000401399	0	0	0	0	0	0.871	0.900	0	0.986
MAP3K7	TAB3	9606.ENSP00000358335	9606.ENSP00000368215	0	0	0	0	0	0.867	0.900	0	0.986
MAP3K7	TNF	9606.ENSP00000358335	9606.ENSP00000398698	0	0	0	0	0	0.993	0.900	0	0.999
MYD88	TAB1	9606.ENSP00000401399	9606.ENSP00000216160	0	0	0	0	0	0	0.900	0	0.900
MYD88	NFKBIA	9606.ENSP00000401399	9606.ENSP00000216797	0	0	0	0	0	0	0.900	0	0.900
MYD88	NFKB1	9606.ENSP00000401399	9606.ENSP00000226574	0	0	0	0	0	0	0.900	0	0.900
MYD88	TAB2	9606.ENSP00000401399	9606.ENSP00000356426	0	0	0	0	0	0	0.600	0	0.600
MYD88	NFKB2	9606.ENSP00000401399	9606.ENSP00000358983	0	0	0	0	0	0	0.900	0	0.900
MYD88	TLR4	9606.ENSP00000401399	9606.ENSP00000363089	0	0	0	0.580	0	0.902	0.900	0	0.989
MYD88	SYK	9606.ENSP00000401399	9606.ENSP00000364907	0	0	0	0	0	0.430	0	0	0.430
MYD88	TAB3	9606.ENSP00000401399	9606.ENSP00000368215	0	0	0	0	0	0	0.600	0	0.600
MYD88	TIRAP	9606.ENSP00000401399	9606.ENSP00000376445	0	0	0	0.610	0	0.463	0.900	0	0.944
MYD88	RELA	9606.ENSP00000401399	9606.ENSP00000384273	0	0	0	0	0	0	0.900	0	0.900
MYD88	TRAF3	9606.ENSP00000401399	9606.ENSP00000454207	0	0	0	0	0	0.863	0	0	0.863
NFKB1	TNFRSF1A	9606.ENSP00000226574	9606.ENSP00000162749	0	0	0	0	0	0	0.900	0	0.900
NFKB1	TAB1	9606.ENSP00000226574	9606.ENSP00000216160	0	0	0	0	0	0.103	0.900	0	0.906
NFKB1	NFKBIA	9606.ENSP00000226574	9606.ENSP00000216797	0	0	0	0.762	0	0.988	0.900	0	0.998
NFKB1	RELB	9606.ENSP00000226574	9606.ENSP00000221452	0	0	0	0.751	0	0.936	0.900	0	0.993
NFKB1	TNFSF11	9606.ENSP00000226574	9606.ENSP00000381775	0	0	0	0	0	0.667	0	0	0.667
NFKB1	TNFAIP3	9606.ENSP00000226574	9606.ENSP00000481570	0	0	0	0	0	0.448	0	0	0.448
NFKB1	TLR4	9606.ENSP00000226574	9606.ENSP00000363089	0	0	0	0	0	0.070	0.800	0	0.806
NFKB1	TAB3	9606.ENSP00000226574	9606.ENSP00000368215	0	0	0	0	0	0	0.900	0	0.900
NFKB1	TRIM25	9606.ENSP00000226574	9606.ENSP00000323889	0	0	0	0	0	0.079	0.900	0	0.903
NFKB1	SYK	9606.ENSP00000226574	9606.ENSP00000364907	0	0	0	0	0	0.125	0.900	0	0.908
NFKB1	TRAF2	9606.ENSP00000226574	9606.ENSP00000247668	0	0	0	0	0	0.099	0.900	0	0.906
NFKB1	TRADD	9606.ENSP00000226574	9606.ENSP00000341268	0	0	0	0	0	0	0.900	0	0.900
NFKB1	NFKB2	9606.ENSP00000226574	9606.ENSP00000358983	0	0	0	0.900	0	0.336	0.900	0	0.930
NFKB1	TRAF1	9606.ENSP00000226574	9606.ENSP00000362994	0	0	0	0	0	0.099	0.900	0	0.906
NFKB1	RIPK1	9606.ENSP00000226574	9606.ENSP00000259808	0	0	0	0	0	0.410	0.900	0	0.938
NFKB1	TNF	9606.ENSP00000226574	9606.ENSP00000398698	0	0	0	0	0	0	0.900	0	0.900
NFKB1	TAB2	9606.ENSP00000226574	9606.ENSP00000356426	0	0	0	0	0	0.320	0.900	0	0.929
NFKB1	RELA	9606.ENSP00000226574	9606.ENSP00000384273	0	0	0	0.776	0	0.900	0.900	0	0.989
NFKB2	NFKBIA	9606.ENSP00000358983	9606.ENSP00000216797	0	0	0	0.719	0	0.925	0.900	0	0.992
NFKB2	RELB	9606.ENSP00000358983	9606.ENSP00000221452	0	0	0	0.740	0	0.937	0.900	0	0.993
NFKB2	TRAF2	9606.ENSP00000358983	9606.ENSP00000247668	0	0	0	0	0	0.099	0.900	0	0.906
NFKB2	RIPK1	9606.ENSP00000358983	9606.ENSP00000259808	0	0	0	0	0	0.125	0.900	0	0.908
NFKB2	TRIM25	9606.ENSP00000358983	9606.ENSP00000323889	0	0	0	0	0	0.079	0.900	0	0.903
NFKB2	UBE2I	9606.ENSP00000358983	9606.ENSP00000348056	0	0	0	0	0	0.130	0.900	0	0.909
NFKB2	RELA	9606.ENSP00000358983	9606.ENSP00000384273	0	0	0	0.786	0	0.472	0.900	0	0.944
NFKBIA	TNFRSF1A	9606.ENSP00000216797	9606.ENSP00000162749	0	0	0	0	0	0	0.900	0	0.900
NFKBIA	TAB1	9606.ENSP00000216797	9606.ENSP00000216160	0	0	0	0	0	0.103	0.900	0	0.906
NFKBIA	TNFSF11	9606.ENSP00000216797	9606.ENSP00000381775	0	0	0	0	0	0.667	0	0	0.667
NFKBIA	TRIM25	9606.ENSP00000216797	9606.ENSP00000323889	0	0	0	0	0	0.079	0.900	0	0.903
NFKBIA	TAB3	9606.ENSP00000216797	9606.ENSP00000368215	0	0	0	0	0	0	0.900	0	0.900
NFKBIA	PRKCB	9606.ENSP00000216797	9606.ENSP00000305355	0	0	0	0	0	0.059	0.900	0	0.901
NFKBIA	RIPK1	9606.ENSP00000216797	9606.ENSP00000259808	0	0	0	0	0	0.125	0.900	0	0.908
NFKBIA	TAB2	9606.ENSP00000216797	9606.ENSP00000356426	0	0	0	0	0	0	0.900	0	0.900
NFKBIA	TRAF2	9606.ENSP00000216797	9606.ENSP00000247668	0	0	0	0	0	0.099	0.900	0	0.906
NFKBIA	RELB	9606.ENSP00000216797	9606.ENSP00000221452	0	0	0	0	0	0.674	0.540	0	0.843
NFKBIA	TRAF1	9606.ENSP00000216797	9606.ENSP00000362994	0	0	0	0	0	0.099	0.900	0	0.906
NFKBIA	SYK	9606.ENSP00000216797	9606.ENSP00000364907	0	0	0	0	0	0.125	0.900	0	0.908
NFKBIA	UBE2I	9606.ENSP00000216797	9606.ENSP00000348056	0	0	0	0	0	0.505	0.900	0	0.948
NFKBIA	TNF	9606.ENSP00000216797	9606.ENSP00000398698	0	0	0	0	0	0.379	0.900	0	0.935
NFKBIA	RELA	9606.ENSP00000216797	9606.ENSP00000384273	0	0	0	0	0	0.953	0.900	0	0.995
PARP1	PIAS4	9606.ENSP00000355759	9606.ENSP00000262971	0	0	0	0	0	0.354	0.900	0	0.932
PARP1	UBE2I	9606.ENSP00000355759	9606.ENSP00000348056	0	0	0	0	0	0.379	0.900	0	0.935
PIAS4	RELA	9606.ENSP00000262971	9606.ENSP00000384273	0	0	0	0	0	0.472	0	0	0.472
PIAS4	UBE2I	9606.ENSP00000262971	9606.ENSP00000348056	0	0	0	0	0	0.807	0.900	0	0.979
PIDD1	TNFRSF1A	9606.ENSP00000337797	9606.ENSP00000162749	0	0	0	0	0	0	0.900	0	0.900
PIDD1	TRAF2	9606.ENSP00000337797	9606.ENSP00000247668	0	0	0	0	0	0.159	0.900	0	0.912
PIDD1	RIPK1	9606.ENSP00000337797	9606.ENSP00000259808	0	0	0	0.545	0	0.472	0.900	0	0.945
PIDD1	TNF	9606.ENSP00000337797	9606.ENSP00000398698	0	0	0	0	0	0	0.900	0	0.900
PIDD1	TRADD	9606.ENSP00000337797	9606.ENSP00000341268	0	0	0	0	0	0.061	0.900	0	0.902
PLCG1	TRIM25	9606.ENSP00000244007	9606.ENSP00000323889	0	0	0	0	0	0	0.900	0	0.900
PLCG1	PRKCQ	9606.ENSP00000244007	9606.ENSP00000263125	0	0	0	0	0	0.129	0.800	0	0.818
PLCG1	PRKCB	9606.ENSP00000244007	9606.ENSP00000305355	0	0	0	0	0	0.082	0.900	0	0.904
PLCG1	PLCG2	9606.ENSP00000244007	9606.ENSP00000482457	0	0	0	0.940	0	0.513	0.900	0	0.949
PLCG1	ZAP70	9606.ENSP00000244007	9606.ENSP00000264972	0	0	0	0.553	0	0.848	0.900	0	0.984
PLCG1	SYK	9606.ENSP00000244007	9606.ENSP00000364907	0	0	0	0.556	0	0.974	0.900	0	0.997
PLCG2	ZAP70	9606.ENSP00000482457	9606.ENSP00000264972	0	0	0	0	0	0.733	0.900	0	0.972
PLCG2	PRKCB	9606.ENSP00000482457	9606.ENSP00000305355	0	0	0	0	0	0.082	0.900	0	0.904
PLCG2	TLR4	9606.ENSP00000482457	9606.ENSP00000363089	0	0	0	0	0	0.050	0.900	0	0.900
PLCG2	SYK	9606.ENSP00000482457	9606.ENSP00000364907	0	0	0	0.548	0	0.827	0.900	0	0.981
PRKCB	PRKCQ	9606.ENSP00000305355	9606.ENSP00000263125	0	0	0	0.891	0	0	0.900	0	0.900
PRKCB	RELA	9606.ENSP00000305355	9606.ENSP00000384273	0	0	0	0	0	0	0.900	0	0.900
PRKCQ	TAB1	9606.ENSP00000263125	9606.ENSP00000216160	0	0	0	0	0	0.219	0.900	0	0.918
PRKCQ	TAB3	9606.ENSP00000263125	9606.ENSP00000368215	0	0	0	0	0	0	0.900	0	0.900
PRKCQ	TAB2	9606.ENSP00000263125	9606.ENSP00000356426	0	0	0	0	0	0	0.900	0	0.900
PRKCQ	ZAP70	9606.ENSP00000263125	9606.ENSP00000264972	0	0	0	0.560	0	0.071	0.900	0	0.903
RELA	TNFRSF1A	9606.ENSP00000384273	9606.ENSP00000162749	0	0	0	0	0	0	0.900	0	0.900
RELA	TAB1	9606.ENSP00000384273	9606.ENSP00000216160	0	0	0	0	0	0	0.900	0	0.900
RELA	RELB	9606.ENSP00000384273	9606.ENSP00000221452	0	0	0	0.844	0	0.691	0.900	0	0.967
RELA	TRAF2	9606.ENSP00000384273	9606.ENSP00000247668	0	0	0	0	0	0	0.900	0	0.900
RELA	RIPK1	9606.ENSP00000384273	9606.ENSP00000259808	0	0	0	0	0	0	0.900	0	0.900
RELA	TRIM25	9606.ENSP00000384273	9606.ENSP00000323889	0	0	0	0	0	0	0.900	0	0.900
RELA	TRADD	9606.ENSP00000384273	9606.ENSP00000341268	0	0	0	0	0	0	0.900	0	0.900
RELA	UBE2I	9606.ENSP00000384273	9606.ENSP00000348056	0	0	0	0	0	0	0.900	0	0.900
RELA	TAB2	9606.ENSP00000384273	9606.ENSP00000356426	0	0	0	0	0	0	0.900	0	0.900
RELA	TRAF1	9606.ENSP00000384273	9606.ENSP00000362994	0	0	0	0	0	0	0.900	0	0.900
RELA	TLR4	9606.ENSP00000384273	9606.ENSP00000363089	0	0	0	0	0	0.082	0.800	0	0.808
RELA	SYK	9606.ENSP00000384273	9606.ENSP00000364907	0	0	0	0	0	0	0.900	0	0.900
RELA	TAB3	9606.ENSP00000384273	9606.ENSP00000368215	0	0	0	0	0	0	0.900	0	0.900
RELA	TNF	9606.ENSP00000384273	9606.ENSP00000398698	0	0	0	0	0	0.428	0.900	0	0.940
RIPK1	TNFRSF1A	9606.ENSP00000259808	9606.ENSP00000162749	0	0	0	0	0	0.460	0.900	0	0.943
RIPK1	TAB1	9606.ENSP00000259808	9606.ENSP00000216160	0	0	0	0	0	0.161	0.900	0	0.912
RIPK1	TRAF2	9606.ENSP00000259808	9606.ENSP00000247668	0	0	0	0	0	0.993	0.900	0	0.999
RIPK1	TICAM1	9606.ENSP00000259808	9606.ENSP00000248244	0	0	0	0	0	0.472	0.900	0	0.944
RIPK1	TRIM25	9606.ENSP00000259808	9606.ENSP00000323889	0	0	0	0	0	0.064	0.900	0	0.902
RIPK1	TICAM2	9606.ENSP00000259808	9606.ENSP00000415139	0	0	0	0	0	0.262	0.900	0	0.923
RIPK1	TRAF5	9606.ENSP00000259808	9606.ENSP00000261464	0	0	0	0	0	0.338	0.800	0	0.862
RIPK1	TAB3	9606.ENSP00000259808	9606.ENSP00000368215	0	0	0	0	0	0.083	0.900	0	0.904
RIPK1	TLR4	9606.ENSP00000259808	9606.ENSP00000363089	0	0	0	0	0	0.268	0.900	0	0.923
RIPK1	TNFAIP3	9606.ENSP00000259808	9606.ENSP00000481570	0	0	0	0	0	0.436	0.900	0	0.941
RIPK1	TRAF1	9606.ENSP00000259808	9606.ENSP00000362994	0	0	0	0	0	0.394	0.900	0	0.936
RIPK1	TRAF3	9606.ENSP00000259808	9606.ENSP00000454207	0	0	0	0	0	0.370	0.900	0	0.934
RIPK1	TNF	9606.ENSP00000259808	9606.ENSP00000398698	0	0	0	0	0	0.993	0.900	0	0.999
RIPK1	TAB2	9606.ENSP00000259808	9606.ENSP00000356426	0	0	0	0	0	0.993	0.900	0	0.999
RIPK1	TRADD	9606.ENSP00000259808	9606.ENSP00000341268	0	0	0	0	0	0.993	0.900	0	0.999
SYK	TNFRSF1A	9606.ENSP00000364907	9606.ENSP00000162749	0	0	0	0	0	0.441	0	0	0.441
SYK	TICAM1	9606.ENSP00000364907	9606.ENSP00000248244	0	0	0	0	0	0.430	0	0	0.430
SYK	ZAP70	9606.ENSP00000364907	9606.ENSP00000264972	0	0	0	0.955	0	0	0.900	0	0.900
SYK	TLR4	9606.ENSP00000364907	9606.ENSP00000363089	0	0	0	0	0	0.460	0	0	0.460
SYK	TRAF3	9606.ENSP00000364907	9606.ENSP00000454207	0	0	0	0	0	0.434	0	0	0.434
TAB1	TNFRSF1A	9606.ENSP00000216160	9606.ENSP00000162749	0	0	0	0	0	0	0.900	0	0.900
TAB1	TRAF5	9606.ENSP00000216160	9606.ENSP00000261464	0	0	0	0	0	0.116	0.600	0	0.631
TAB1	TNFAIP3	9606.ENSP00000216160	9606.ENSP00000481570	0	0	0	0	0	0	0.900	0	0.900
TAB1	TICAM2	9606.ENSP00000216160	9606.ENSP00000415139	0	0	0	0	0	0	0.900	0	0.900
TAB1	TICAM1	9606.ENSP00000216160	9606.ENSP00000248244	0	0	0	0	0	0	0.900	0	0.900
TAB1	TRADD	9606.ENSP00000216160	9606.ENSP00000341268	0	0	0	0	0	0	0.900	0	0.900
TAB1	TLR4	9606.ENSP00000216160	9606.ENSP00000363089	0	0	0	0	0	0.181	0.900	0	0.914
TAB1	TNF	9606.ENSP00000216160	9606.ENSP00000398698	0	0	0	0	0	0.369	0.900	0	0.934
TAB1	TRAF2	9606.ENSP00000216160	9606.ENSP00000247668	0	0	0	0	0	0.485	0.900	0	0.946
TAB1	TAB3	9606.ENSP00000216160	9606.ENSP00000368215	0	0	0	0	0	0.860	0.900	0	0.985
TAB1	TAB2	9606.ENSP00000216160	9606.ENSP00000356426	0	0	0	0	0	0.860	0.900	0	0.985
TAB2	TNFRSF1A	9606.ENSP00000356426	9606.ENSP00000162749	0	0	0	0	0	0	0.900	0	0.900
TAB2	TRAF2	9606.ENSP00000356426	9606.ENSP00000247668	0	0	0	0	0	0.437	0.900	0	0.941
TAB2	TICAM1	9606.ENSP00000356426	9606.ENSP00000248244	0	0	0	0	0	0	0.900	0	0.900
TAB2	TRAF5	9606.ENSP00000356426	9606.ENSP00000261464	0	0	0	0	0	0.132	0.600	0	0.637
TAB2	TRADD	9606.ENSP00000356426	9606.ENSP00000341268	0	0	0	0	0	0	0.900	0	0.900
TAB2	TICAM2	9606.ENSP00000356426	9606.ENSP00000415139	0	0	0	0	0	0	0.900	0	0.900
TAB2	TNFAIP3	9606.ENSP00000356426	9606.ENSP00000481570	0	0	0	0	0	0.185	0.900	0	0.915
TAB2	TLR4	9606.ENSP00000356426	9606.ENSP00000363089	0	0	0	0	0	0.058	0.900	0	0.901
TAB2	TAB3	9606.ENSP00000356426	9606.ENSP00000368215	0	0	0	0.824	0	0.860	0.900	0	0.985
TAB2	TNF	9606.ENSP00000356426	9606.ENSP00000398698	0	0	0	0	0	0.993	0.900	0	0.999
TAB3	TNFRSF1A	9606.ENSP00000368215	9606.ENSP00000162749	0	0	0	0	0	0	0.900	0	0.900
TAB3	TRAF2	9606.ENSP00000368215	9606.ENSP00000247668	0	0	0	0	0	0.415	0.900	0	0.939
TAB3	TICAM1	9606.ENSP00000368215	9606.ENSP00000248244	0	0	0	0	0	0	0.900	0	0.900
TAB3	TRAF5	9606.ENSP00000368215	9606.ENSP00000261464	0	0	0	0	0	0.132	0.600	0	0.637
TAB3	TRADD	9606.ENSP00000368215	9606.ENSP00000341268	0	0	0	0	0	0	0.900	0	0.900
TAB3	TLR4	9606.ENSP00000368215	9606.ENSP00000363089	0	0	0	0	0	0.058	0.900	0	0.901
TAB3	TICAM2	9606.ENSP00000368215	9606.ENSP00000415139	0	0	0	0	0	0	0.900	0	0.900
TAB3	TNFAIP3	9606.ENSP00000368215	9606.ENSP00000481570	0	0	0	0	0	0.157	0.900	0	0.912
TAB3	TNF	9606.ENSP00000368215	9606.ENSP00000398698	0	0	0	0	0	0.066	0.900	0	0.902
TICAM1	TRAF2	9606.ENSP00000248244	9606.ENSP00000247668	0	0	0	0	0	0.694	0	0	0.694
TICAM1	TRAF5	9606.ENSP00000248244	9606.ENSP00000261464	0	0	0	0	0	0.420	0	0	0.420
TICAM1	TRAF1	9606.ENSP00000248244	9606.ENSP00000362994	0	0	0	0	0	0.476	0	0	0.476
TICAM1	TICAM2	9606.ENSP00000248244	9606.ENSP00000415139	0	0	0	0.668	0	0.379	0.900	0	0.935
TICAM1	TRAF3	9606.ENSP00000248244	9606.ENSP00000454207	0	0	0	0	0	0.876	0.900	0	0.987
TICAM1	TLR4	9606.ENSP00000248244	9606.ENSP00000363089	0	0	0	0	0	0.876	0.900	0	0.987
TICAM2	TLR4	9606.ENSP00000415139	9606.ENSP00000363089	0	0	0	0	0	0.436	0.900	0	0.941
TICAM2	TRAF3	9606.ENSP00000415139	9606.ENSP00000454207	0	0	0	0	0	0.187	0.900	0	0.915
TIRAP	TLR4	9606.ENSP00000376445	9606.ENSP00000363089	0	0	0	0	0	0.448	0.900	0	0.942
TLR4	TRAF3	9606.ENSP00000363089	9606.ENSP00000454207	0	0	0	0	0	0.826	0.900	0	0.981
TNF	TNFRSF1A	9606.ENSP00000398698	9606.ENSP00000162749	0	0	0	0	0	0.882	0.900	0	0.987
TNF	TRAF2	9606.ENSP00000398698	9606.ENSP00000247668	0	0	0	0	0	0.993	0.900	0	0.999
TNF	TNFRSF13C	9606.ENSP00000398698	9606.ENSP00000291232	0	0	0	0	0	0	0.900	0	0.900
TNF	VCAM1	9606.ENSP00000398698	9606.ENSP00000294728	0	0	0	0	0	0	0.900	0	0.900
TNF	TRADD	9606.ENSP00000398698	9606.ENSP00000341268	0	0	0	0	0	0.993	0.900	0	0.999
TNF	TRAF1	9606.ENSP00000398698	9606.ENSP00000362994	0	0	0	0	0	0	0.900	0	0.900
TNF	TNFSF13B	9606.ENSP00000398698	9606.ENSP00000365048	0	0	0	0	0	0	0.900	0	0.900
TNF	TNFSF11	9606.ENSP00000398698	9606.ENSP00000381775	0	0	0	0.611	0	0	0.900	0	0.900
TNF	TNFSF14	9606.ENSP00000398698	9606.ENSP00000469049	0	0	0	0.664	0	0	0.900	0	0.900
TNF	TNFRSF11A	9606.ENSP00000398698	9606.ENSP00000465500	0	0	0	0	0	0	0.900	0	0.900
TNF	TRAF3	9606.ENSP00000398698	9606.ENSP00000454207	0	0	0	0	0	0	0.900	0	0.900
TNF	TNFAIP3	9606.ENSP00000398698	9606.ENSP00000481570	0	0	0	0	0	0.369	0.900	0	0.934
TNFAIP3	TNFRSF1A	9606.ENSP00000481570	9606.ENSP00000162749	0	0	0	0	0	0.416	0.900	0	0.939
TNFAIP3	TRAF2	9606.ENSP00000481570	9606.ENSP00000247668	0	0	0	0	0	0.449	0.900	0	0.942
TNFAIP3	TRADD	9606.ENSP00000481570	9606.ENSP00000341268	0	0	0	0	0	0	0.900	0	0.900
TNFAIP3	TRAF1	9606.ENSP00000481570	9606.ENSP00000362994	0	0	0	0	0	0.430	0.900	0	0.940
TNFRSF11A	TRAF2	9606.ENSP00000465500	9606.ENSP00000247668	0	0	0	0	0	0.454	0.900	0	0.943
TNFRSF11A	TRAF5	9606.ENSP00000465500	9606.ENSP00000261464	0	0	0	0	0	0.454	0	0	0.454
TNFRSF11A	TNFRSF13C	9606.ENSP00000465500	9606.ENSP00000291232	0	0	0	0	0	0	0.900	0	0.900
TNFRSF11A	TNFSF13B	9606.ENSP00000465500	9606.ENSP00000365048	0	0	0	0	0	0	0.900	0	0.900
TNFRSF11A	TNFSF11	9606.ENSP00000465500	9606.ENSP00000381775	0	0	0	0	0	0.841	0.900	0	0.983
TNFRSF11A	TRAF3	9606.ENSP00000465500	9606.ENSP00000454207	0	0	0	0	0	0.320	0.900	0	0.929
TNFRSF11A	TNFSF14	9606.ENSP00000465500	9606.ENSP00000469049	0	0	0	0	0	0.337	0.900	0	0.930
TNFRSF13C	TRAF2	9606.ENSP00000291232	9606.ENSP00000247668	0	0	0	0	0	0.447	0.900	0	0.942
TNFRSF13C	TRAF1	9606.ENSP00000291232	9606.ENSP00000362994	0	0	0	0	0	0.426	0	0	0.426
TNFRSF13C	TNFSF14	9606.ENSP00000291232	9606.ENSP00000469049	0	0	0	0	0	0	0.900	0	0.900
TNFRSF13C	TNFSF11	9606.ENSP00000291232	9606.ENSP00000381775	0	0	0	0	0	0	0.900	0	0.900
TNFRSF13C	TRAF3	9606.ENSP00000291232	9606.ENSP00000454207	0	0	0	0	0	0.447	0.900	0	0.942
TNFRSF13C	TNFSF13B	9606.ENSP00000291232	9606.ENSP00000365048	0	0	0	0	0	0.379	0.900	0	0.935
TNFRSF1A	TRAF5	9606.ENSP00000162749	9606.ENSP00000261464	0	0	0	0	0	0.058	0.800	0	0.803
TNFRSF1A	TRAF1	9606.ENSP00000162749	9606.ENSP00000362994	0	0	0	0	0	0.370	0.900	0	0.934
TNFRSF1A	TRAF2	9606.ENSP00000162749	9606.ENSP00000247668	0	0	0	0	0	0.709	0.900	0	0.969
TNFRSF1A	TRADD	9606.ENSP00000162749	9606.ENSP00000341268	0	0	0	0	0	0.472	0.900	0	0.945
TNFSF11	TRAF2	9606.ENSP00000381775	9606.ENSP00000247668	0	0	0	0	0	0	0.900	0	0.900
TNFSF11	TNFSF13B	9606.ENSP00000381775	9606.ENSP00000365048	0	0	0	0	0	0	0.900	0	0.900
TNFSF11	TNFSF14	9606.ENSP00000381775	9606.ENSP00000469049	0	0	0	0	0	0	0.900	0	0.900
TNFSF11	TRAF3	9606.ENSP00000381775	9606.ENSP00000454207	0	0	0	0	0	0	0.900	0	0.900
TNFSF13B	TRAF2	9606.ENSP00000365048	9606.ENSP00000247668	0	0	0	0	0	0	0.900	0	0.900
TNFSF13B	TRAF5	9606.ENSP00000365048	9606.ENSP00000261464	0	0	0	0	0	0	0.900	0	0.900
TNFSF13B	TNFSF14	9606.ENSP00000365048	9606.ENSP00000469049	0	0	0	0	0	0	0.900	0	0.900
TNFSF13B	TRAF3	9606.ENSP00000365048	9606.ENSP00000454207	0	0	0	0	0	0	0.900	0	0.900
TNFSF14	TRAF2	9606.ENSP00000469049	9606.ENSP00000247668	0	0	0	0	0	0.328	0.900	0	0.929
TNFSF14	TRAF3	9606.ENSP00000469049	9606.ENSP00000454207	0	0	0	0	0	0.328	0.900	0	0.929
TRADD	TRAF2	9606.ENSP00000341268	9606.ENSP00000247668	0	0	0	0	0	0.870	0.900	0	0.986
TRADD	TRAF5	9606.ENSP00000341268	9606.ENSP00000261464	0	0	0	0	0	0	0.800	0	0.800
TRADD	TRAF3	9606.ENSP00000341268	9606.ENSP00000454207	0	0	0	0	0	0.342	0.800	0	0.862
TRADD	TRAF1	9606.ENSP00000341268	9606.ENSP00000362994	0	0	0	0	0	0.342	0.900	0	0.931
TRAF1	TRAF2	9606.ENSP00000362994	9606.ENSP00000247668	0	0	0	0.873	0	0.770	0.900	0	0.976
TRAF1	TRAF3	9606.ENSP00000362994	9606.ENSP00000454207	0	0	0	0.836	0	0.378	0.900	0	0.935
TRAF2	TRIM25	9606.ENSP00000247668	9606.ENSP00000323889	0	0	0	0	0	0	0.900	0	0.900
TRAF2	TRAF5	9606.ENSP00000247668	9606.ENSP00000261464	0	0	0	0.840	0	0.497	0.900	0	0.947
TRAF2	TRAF3	9606.ENSP00000247668	9606.ENSP00000454207	0	0	0	0.843	0	0.543	0.900	0	0.952
TRAF3	TRAF5	9606.ENSP00000454207	9606.ENSP00000261464	0	0	0	0.910	0	0.820	0.900	0	0.981
TRAF3	TRIM25	9606.ENSP00000454207	9606.ENSP00000323889	0	0	0	0	0	0	0.900	0	0.900
TRAF3	UBE2I	9606.ENSP00000454207	9606.ENSP00000348056	0	0	0	0	0	0.474	0	0	0.474
TRIM25	VCAM1	9606.ENSP00000323889	9606.ENSP00000294728	0	0	0	0	0	0	0.900	0	0.900
